,Unnamed: 0,open_time,o,h,l,c,v,close_time,CDL2CROWS,CDL3BLACKCROWS,CDL3INSIDE,CDL3LINESTRIKE,CDL3OUTSIDE,CDL3STARSINSOUTH,CDL3WHITESOLDIERS,CDLABANDONEDBABY,CDLADVANCEBLOCK,CDLBELTHOLD,CDLBREAKAWAY,CDLCLOSINGMARUBOZU,CDLCONCEALBABYSWALL,CDLDARKCLOUDCOVER,CDLDOJI,CDLDOJISTAR,CDLDRAGONFLYDOJI,CDLENGULFING,CDLEVENINGDOJISTAR,CDLEVENINGSTAR,CDLGAPSIDESIDEWHITE,CDLGRAVESTONEDOJI,CDLHAMMER,CDLHANGINGMAN,CDLHARAMI,CDLHARAMICROSS,CDLHIGHWAVE,CDLHIKKAKE,CDLHIKKAKEMOD,CDLHOMINGPIGEON,CDLIDENTICAL3CROWS,CDLINNECK,CDLINVERTEDHAMMER,CDLKICKING,CDLLADDERBOTTOM,CDLLONGLEGGEDDOJI,CDLMARUBOZU,CDLMATCHINGLOW,CDLMATHOLD,CDLMORNINGDOJISTAR,CDLMORNINGSTAR,CDLONNECK,CDLPIERCING,CDLRICKSHAWMAN,CDLRISEFALL3METHODS,CDLSEPARATINGLINES,CDLSHOOTINGSTAR,CDLSPINNINGTOP,CDLSTICKSANDWICH,CDLTAKURI,CDLTASUKIGAP,CDLTHRUSTING,CDLTRISTAR,CDLUNIQUE3RIVER,CDLUPSIDEGAP2CROWS,CDLXSIDEGAP3METHODS,candlestick_pattern,candlestick_match_count,SUM,STATUS
0,2021-12-21 14:00:00,1640088000000,48866.92,49328.96,48641.35,48735.49,3074.34857,1640091599999,0,0,0,0,0,0,0,0,0,0,0,0,0,0,0,0,0,0,0,0,0,0,0,0,0,0,0,0,0,0,0,0,0,0,0,0,0,0,0,0,0,0,0,0,0,0,0,0,0,0,0,0,0,0,0,0,NO_PATTERN,0.0,0.0,No
1,2021-12-21 15:00:00,1640091600000,48735.49,48970.88,48575.09,48909.49,1564.00435,1640095199999,0,0,0,0,0,0,0,0,0,0,0,0,0,0,0,0,0,0,0,0,0,0,0,0,0,0,0,0,0,0,0,0,0,0,0,0,0,0,0,0,0,0,0,0,0,0,0,0,0,0,0,0,0,0,0,0,NO_PATTERN,0.0,0.0,No
2,2021-12-21 16:00:00,1640095200000,48909.49,48966.2,48520.0,48624.01,1453.20324,1640098799999,0,0,0,0,0,0,0,0,0,0,0,0,0,0,0,0,0,0,0,0,0,0,0,0,0,0,0,0,0,0,0,0,0,0,0,0,0,0,0,0,0,0,0,0,0,0,0,0,0,0,0,0,0,0,0,0,NO_PATTERN,0.0,0.0,No
3,2021-12-21 17:00:00,1640098800000,48624.01,48788.87,48265.24,48418.49,2209.08606,1640102399999,0,0,0,0,0,0,0,0,0,0,0,0,0,0,0,0,0,0,0,0,0,0,0,0,0,0,0,0,0,0,0,0,0,0,0,0,0,0,0,0,0,0,0,0,0,0,0,0,0,0,0,0,0,0,0,0,NO_PATTERN,0.0,0.0,No
4,2021-12-21 18:00:00,1640102400000,48418.48,48746.97,48381.57,48685.19,1137.16935,1640105999999,0,0,0,0,0,0,0,0,0,0,0,0,0,0,0,0,0,84,0,0,0,0,0,0,0,0,0,0,0,0,0,0,0,0,0,0,0,0,0,0,0,0,0,0,0,0,0,0,0,0,0,0,0,0,0,0,CDLENGULFING_Bull,1.0,84.0,Bull
5,2021-12-21 19:00:00,1640106000000,48685.18,48876.94,48570.32,48655.17,938.65985,1640109599999,0,0,0,0,0,0,0,0,0,0,0,0,0,0,0,0,0,0,0,0,0,0,0,0,0,0,0,-83,0,0,0,0,0,0,0,0,0,0,0,0,0,0,0,0,0,0,0,0,0,0,0,0,0,0,0,0,CDLHIKKAKE_Bear,1.0,-83.0,Bear
6,2021-12-21 20:00:00,1640109600000,48655.16,48684.93,48402.0,48441.51,963.02756,1640113199999,0,0,0,0,0,0,0,0,0,0,0,0,0,0,0,0,0,0,0,0,0,0,0,0,0,0,0,0,0,0,0,0,0,0,0,0,0,0,0,0,0,0,0,0,0,0,0,0,0,0,0,0,0,0,0,0,NO_PATTERN,0.0,0.0,No
7,2021-12-21 21:00:00,1640113200000,48441.51,48660.92,48332.5,48619.79,863.33488,1640116799999,0,0,0,0,0,0,0,0,0,0,0,0,0,0,0,0,0,0,0,0,0,0,0,0,0,0,0,0,0,0,0,0,0,0,0,0,0,0,0,0,0,0,0,0,0,0,0,0,0,0,0,0,0,0,0,0,NO_PATTERN,0.0,0.0,No
8,2021-12-21 22:00:00,1640116800000,48619.8,48791.95,48461.47,48608.95,813.50308,1640120399999,0,0,0,0,0,0,0,0,0,0,0,0,0,0,0,0,0,0,0,0,0,0,0,0,0,0,0,0,0,0,0,0,0,0,0,0,0,0,0,0,0,0,0,0,0,0,0,0,0,0,0,0,0,0,0,0,NO_PATTERN,0.0,0.0,No
9,2021-12-21 23:00:00,1640120400000,48608.94,49177.0,48528.89,49084.25,1360.5625,1640123999999,0,0,0,0,0,0,0,0,0,0,0,0,0,0,0,0,0,84,0,0,0,0,0,0,0,0,0,0,0,0,0,0,0,0,0,0,0,0,0,0,0,0,0,0,0,0,0,0,0,0,0,0,0,0,0,0,CDLENGULFING_Bull,1.0,84.0,Bull
10,2021-12-22 00:00:00,1640124000000,49084.24,49287.93,48943.61,49287.92,873.50019,1640127599999,0,0,0,0,34,0,0,0,0,0,0,70,0,0,0,0,0,0,0,0,0,0,0,0,0,0,0,0,0,0,0,0,0,0,0,0,0,0,0,0,0,0,0,0,0,0,0,0,0,0,0,0,0,0,0,0,CDL3OUTSIDE_Bull,2.0,104.0,Bull
11,2021-12-22 01:00:00,1640127600000,49287.92,49287.93,48840.01,48889.88,1020.3359,1640131199999,0,0,0,0,0,0,0,0,0,-63,0,0,0,0,0,0,0,0,0,0,0,0,0,0,0,0,0,0,0,0,0,0,0,0,0,0,0,0,0,0,0,0,0,0,0,0,0,0,0,0,0,0,0,0,0,0,CDLBELTHOLD_Bear,1.0,-63.0,Bear
12,2021-12-22 02:00:00,1640131200000,48887.59,48992.5,48630.01,48644.13,1027.36177,1640134799999,0,0,0,0,0,0,0,0,0,0,0,-43,0,0,0,0,0,0,0,0,0,0,0,0,0,0,0,0,0,0,0,0,0,0,0,0,0,0,0,0,0,0,0,0,0,0,0,0,0,0,0,0,0,0,0,0,CDLCLOSINGMARUBOZU_Bear,1.0,-43.0,Bear
13,2021-12-22 03:00:00,1640134800000,48644.12,48847.14,48600.0,48818.89,742.92826,1640138399999,0,0,0,0,0,0,0,0,0,0,0,0,0,0,0,0,0,0,0,0,0,0,0,0,0,0,0,0,0,0,0,0,0,0,0,0,0,0,0,0,0,0,0,0,0,0,0,0,0,0,0,0,0,0,0,0,NO_PATTERN,0.0,0.0,No
14,2021-12-22 04:00:00,1640138400000,48818.9,49576.13,48727.47,49326.5,1987.96756,1640141999999,0,0,0,0,0,0,0,0,0,0,0,0,0,0,0,0,0,0,0,0,0,0,0,0,0,0,0,0,0,0,0,0,0,0,0,0,0,0,0,0,0,0,0,0,0,0,0,0,0,0,0,0,0,0,0,0,NO_PATTERN,0.0,0.0,No
15,2021-12-22 05:00:00,1640142000000,49327.24,49446.35,49141.15,49249.0,892.82053,1640145599999,0,0,0,0,0,0,0,0,0,0,0,0,0,0,0,0,0,0,0,0,0,0,0,0,0,0,0,0,0,0,0,0,0,0,0,0,0,0,0,0,0,0,0,0,0,0,0,-73,0,0,0,0,0,0,0,0,CDLSPINNINGTOP_Bear,1.0,-73.0,Bear
16,2021-12-22 06:00:00,1640145600000,49249.0,49347.9,49081.78,49312.4,1026.27797,1640149199999,0,0,0,0,0,0,0,0,0,0,0,0,0,0,0,0,0,0,0,0,0,0,0,0,0,0,0,85,0,0,0,0,0,0,0,0,0,0,0,0,0,0,0,0,0,0,0,0,0,0,0,0,0,0,0,0,CDLHIKKAKE_Bull,1.0,85.0,Bull
17,2021-12-22 07:00:00,1640149200000,49312.4,49331.9,48914.07,48964.88,948.35712,1640152799999,0,0,0,0,0,0,0,0,0,-63,0,0,0,0,0,0,0,0,0,0,0,0,0,0,0,0,0,0,0,0,0,0,0,0,0,0,0,0,0,0,0,0,0,0,0,0,0,0,0,0,0,0,0,0,0,0,CDLBELTHOLD_Bear,1.0,-63.0,Bear
18,2021-12-22 08:00:00,1640152800000,48964.87,49230.55,48922.33,49057.21,867.53354,1640156399999,0,0,0,0,0,0,0,0,0,0,0,0,0,0,0,0,0,0,0,0,0,0,0,0,0,0,0,0,0,0,0,0,0,0,0,0,0,0,0,0,0,0,0,0,0,0,0,0,0,0,0,0,0,0,0,0,NO_PATTERN,0.0,0.0,No
19,2021-12-22 09:00:00,1640156400000,49057.22,49300.0,49055.74,49206.42,796.68034,1640159999999,0,0,0,0,0,0,0,0,0,0,0,0,0,0,0,0,0,0,0,0,0,0,0,0,0,0,0,-83,0,0,0,0,0,0,0,0,0,0,0,0,0,0,0,0,0,0,0,0,0,0,0,0,0,0,0,0,CDLHIKKAKE_Bear,1.0,-83.0,Bear
20,2021-12-22 10:00:00,1640160000000,49206.43,49535.0,49099.54,49258.01,1573.40629,1640163599999,0,0,0,0,0,0,0,0,0,0,0,0,0,0,0,0,0,0,0,0,0,0,0,0,0,0,67,0,0,0,0,0,0,0,0,0,0,0,0,0,0,0,0,0,0,0,0,69,0,0,0,0,0,0,0,0,CDLHIGHWAVE_Bull,2.0,136.0,Bull
21,2021-12-22 11:00:00,1640163600000,49260.22,49325.0,48830.29,48941.35,1411.98917,1640167199999,0,0,0,1,0,0,0,0,0,0,0,0,0,0,0,0,0,-91,0,0,0,0,0,0,0,0,0,0,0,0,0,0,0,0,0,0,0,0,0,0,0,0,0,0,0,0,0,0,0,0,0,0,0,0,0,0,CDL3LINESTRIKE_Bull,2.0,-90.0,Bear
22,2021-12-22 12:00:00,1640167200000,48941.35,49150.0,48862.74,49084.17,905.76958,1640170799999,0,0,0,0,0,0,0,0,0,0,0,0,0,0,0,0,0,0,0,0,0,0,0,0,0,0,0,0,0,0,0,0,0,0,0,0,0,0,0,0,0,0,0,0,0,0,0,0,0,0,0,0,0,0,0,0,NO_PATTERN,0.0,0.0,No
23,2021-12-22 13:00:00,1640170800000,49084.17,49234.69,48891.63,48981.99,1062.06155,1640174399999,0,0,0,0,0,0,0,0,0,0,0,0,0,0,0,0,0,0,0,0,0,0,0,0,0,0,0,-83,0,0,0,0,0,0,0,0,0,0,0,0,0,0,0,0,0,0,0,0,0,0,0,0,0,0,0,0,CDLHIKKAKE_Bear,1.0,-83.0,Bear
24,2021-12-22 14:00:00,1640174400000,48981.98,49123.62,48512.0,48578.37,2018.41743,1640177999999,0,0,0,0,0,0,0,0,0,0,0,0,0,0,0,0,0,0,0,0,0,0,0,0,0,0,0,-83,0,0,0,0,0,0,0,0,0,0,0,0,0,0,0,0,0,0,0,0,0,0,0,0,0,0,0,0,CDLHIKKAKE_Bear,1.0,-83.0,Bear
25,2021-12-22 15:00:00,1640178000000,48578.36,48790.95,48421.87,48560.0,1437.56593,1640181599999,0,0,0,0,0,0,0,0,0,0,0,0,0,0,104,49,0,0,0,0,0,0,0,0,0,0,-67,0,0,0,0,0,0,0,0,37,0,0,0,0,0,0,0,35,0,0,0,-73,0,0,0,0,0,0,0,0,CDLRICKSHAWMAN_Bull,6.0,85.0,Bear
26,2021-12-22 16:00:00,1640181600000,48560.0,48949.99,48521.18,48805.05,1246.36353,1640185199999,0,0,0,0,0,0,0,0,0,0,0,0,0,0,0,0,0,0,0,0,0,0,0,0,0,0,0,0,0,0,0,0,0,0,0,0,0,0,0,25,12,0,0,0,0,0,0,0,0,0,0,0,0,0,0,0,CDLMORNINGSTAR_Bull,2.0,37.0,Bull
27,2021-12-22 17:00:00,1640185200000,48805.04,48906.76,48624.15,48879.28,1011.17956,1640188799999,0,0,0,0,0,0,0,0,0,0,0,0,0,0,0,0,0,0,0,0,0,0,0,0,0,0,0,0,0,0,0,0,0,0,0,0,0,0,0,0,0,0,0,0,0,0,0,0,0,0,0,0,0,0,0,0,NO_PATTERN,0.0,0.0,No
28,2021-12-22 18:00:00,1640188800000,48879.28,49245.81,48757.82,48998.0,1300.45263,1640192399999,0,0,0,0,0,0,0,0,0,0,0,0,0,0,0,0,0,0,0,0,0,0,0,0,0,0,0,-83,0,0,0,0,0,0,0,0,0,0,0,0,0,0,0,0,0,0,0,69,0,0,0,0,0,0,0,0,CDLSPINNINGTOP_Bull,2.0,-14.0,Bull
29,2021-12-22 19:00:00,1640192400000,48998.0,49100.0,48689.65,48702.07,959.87212,1640195999999,0,0,0,0,0,0,0,0,0,0,0,-43,0,0,0,0,0,0,0,0,0,0,0,0,0,0,0,0,0,0,0,0,0,0,0,0,0,0,0,0,0,0,0,0,0,0,0,0,0,0,0,0,0,0,0,0,CDLCLOSINGMARUBOZU_Bear,1.0,-43.0,Bear
30,2021-12-22 20:00:00,1640196000000,48702.07,48846.42,48524.98,48576.02,886.56148,1640199599999,0,0,0,0,0,0,0,0,0,0,0,0,0,0,0,0,0,0,0,0,0,0,0,0,0,0,0,-83,0,0,0,0,0,0,0,0,0,0,0,0,0,0,0,0,0,0,0,0,0,0,0,0,0,0,0,0,CDLHIKKAKE_Bear,1.0,-83.0,Bear
31,2021-12-22 21:00:00,1640199600000,48576.02,48950.0,48506.01,48931.99,799.48215,1640203199999,0,0,0,0,0,0,0,0,0,0,0,70,0,0,0,0,0,0,0,0,0,0,0,0,0,0,0,0,0,0,0,0,0,0,0,0,0,0,0,0,0,0,0,0,0,0,0,0,0,0,0,0,0,0,0,0,CDLCLOSINGMARUBOZU_Bull,1.0,70.0,Bull
32,2021-12-22 22:00:00,1640203200000,48931.99,49144.99,48860.47,48974.34,1309.98901,1640206799999,0,0,0,0,0,0,0,0,0,0,0,0,0,0,0,0,0,0,0,0,0,0,0,0,0,0,0,0,0,0,0,0,0,0,0,0,0,0,0,0,0,0,0,0,0,0,0,69,0,0,0,0,0,0,0,0,CDLSPINNINGTOP_Bull,1.0,69.0,Bull
33,2021-12-22 23:00:00,1640206800000,48974.33,49139.97,48836.72,49048.84,894.4665,1640210399999,0,0,0,0,0,0,0,0,-54,0,0,0,0,0,0,0,0,0,0,0,0,0,0,0,0,0,0,0,0,0,0,0,0,0,0,0,0,0,0,0,0,0,0,0,0,0,0,69,0,0,0,0,0,0,0,0,CDLADVANCEBLOCK_Bear,2.0,15.0,Bull
34,2021-12-23 00:00:00,1640210400000,49048.83,49084.45,48788.49,48977.21,710.47289,1640213999999,0,0,0,0,0,0,0,0,0,0,0,0,0,0,0,0,0,0,0,0,0,0,0,0,0,0,0,0,0,0,0,0,0,0,0,0,0,0,0,0,0,0,0,0,0,0,0,0,0,0,0,0,0,0,0,0,NO_PATTERN,0.0,0.0,No
35,2021-12-23 01:00:00,1640214000000,48977.21,48995.89,48555.0,48588.16,1186.22529,1640217599999,0,0,0,0,0,0,0,0,0,-63,0,-43,0,0,0,0,0,0,0,0,0,0,0,0,0,0,0,0,0,0,0,0,0,0,0,0,-57,0,0,0,0,0,0,0,0,0,0,0,0,0,0,0,0,0,0,0,CDLCLOSINGMARUBOZU_Bear,3.0,-163.0,Bear
36,2021-12-23 02:00:00,1640217600000,48588.17,48673.13,47920.42,48290.0,2329.67688,1640221199999,0,0,0,0,0,0,0,0,0,0,0,0,0,0,0,0,0,0,0,0,0,0,0,0,0,0,0,0,0,0,0,0,0,0,0,0,0,0,0,0,0,0,0,0,0,0,0,0,0,0,0,0,0,0,0,0,NO_PATTERN,0.0,0.0,No
37,2021-12-23 03:00:00,1640221200000,48289.99,48490.22,48069.51,48469.14,927.9752,1640224799999,0,0,0,0,0,0,0,0,0,0,0,0,0,0,0,0,0,0,0,0,0,0,0,0,0,0,0,0,0,0,0,0,0,0,0,0,0,0,0,0,0,0,0,0,0,0,0,0,0,0,0,0,0,0,0,0,NO_PATTERN,0.0,0.0,No
38,2021-12-23 04:00:00,1640224800000,48469.13,48731.71,48321.09,48355.4,1310.53817,1640228399999,0,0,0,0,0,0,0,0,0,0,0,0,0,0,0,0,0,0,0,0,0,0,0,0,0,0,0,-83,0,0,0,0,0,0,0,0,0,0,0,0,0,0,0,0,0,0,0,0,0,0,0,0,0,0,0,0,CDLHIKKAKE_Bear,1.0,-83.0,Bear
39,2021-12-23 05:00:00,1640228400000,48355.39,48555.0,48208.25,48524.11,795.94821,1640231999999,0,0,0,0,0,0,0,0,0,0,0,0,0,0,0,0,0,84,0,0,0,0,0,0,0,0,0,0,0,0,0,0,0,0,0,0,0,0,0,0,0,0,0,0,0,0,0,0,0,0,0,0,0,0,0,0,CDLENGULFING_Bull,1.0,84.0,Bull
40,2021-12-23 06:00:00,1640232000000,48524.11,48584.71,48295.51,48362.41,616.1453,1640235599999,0,0,0,0,0,0,0,0,0,0,0,0,0,0,0,0,0,0,0,0,0,0,0,0,0,0,0,0,0,0,0,0,0,0,0,0,0,0,0,0,0,0,0,0,0,0,0,0,0,0,0,0,0,0,0,0,NO_PATTERN,0.0,0.0,No
41,2021-12-23 07:00:00,1640235600000,48362.41,48567.1,48200.0,48384.52,767.30713,1640239199999,0,0,0,0,0,0,0,0,0,0,0,0,0,0,104,0,0,0,0,0,0,0,0,0,0,0,67,0,0,0,0,0,0,0,0,37,0,0,0,0,0,0,0,35,0,0,0,69,0,0,0,0,0,0,0,0,CDLRICKSHAWMAN_Bull,5.0,312.0,Bull
42,2021-12-23 08:00:00,1640239200000,48384.53,48499.55,48265.71,48468.92,834.07255,1640242799999,0,0,0,0,0,0,0,0,0,0,0,0,0,0,0,0,0,0,0,0,0,0,0,0,0,0,0,0,0,0,0,0,0,0,0,0,0,0,0,0,0,0,0,0,0,0,0,0,0,0,0,0,0,0,0,0,NO_PATTERN,0.0,0.0,No
43,2021-12-23 09:00:00,1640242800000,48468.93,48500.0,48031.45,48129.6,1148.70861,1640246399999,0,0,0,0,0,0,0,0,0,-63,0,0,0,0,0,0,0,-91,0,0,0,0,0,0,0,0,0,0,0,0,0,0,0,0,0,0,0,0,0,0,0,0,0,0,0,0,0,0,0,0,0,0,0,0,0,0,CDLBELTHOLD_Bear,2.0,-154.0,Bear
44,2021-12-23 10:00:00,1640246400000,48129.61,48363.0,48060.0,48339.9,998.79131,1640249999999,0,0,0,0,0,0,0,0,0,0,0,70,0,0,0,0,0,0,0,0,0,0,0,0,0,0,0,0,0,0,0,0,0,0,0,0,0,0,0,0,0,0,0,0,0,0,0,0,0,0,0,0,0,0,0,0,CDLCLOSINGMARUBOZU_Bull,1.0,70.0,Bull
45,2021-12-23 11:00:00,1640250000000,48339.91,48424.97,48149.0,48376.94,881.70746,1640253599999,0,0,0,0,0,0,0,0,0,0,0,0,0,0,104,-51,0,0,0,0,0,0,0,0,0,0,0,-83,0,0,0,0,0,0,0,37,0,0,0,0,0,0,0,35,0,0,0,69,0,0,0,0,0,0,0,0,CDLRICKSHAWMAN_Bull,6.0,111.0,Bull
46,2021-12-23 12:00:00,1640253600000,48376.94,48450.0,48211.62,48434.53,807.06689,1640257199999,0,0,0,0,0,0,0,0,0,0,0,0,0,0,0,0,0,0,0,0,0,0,0,-87,0,0,0,0,0,0,0,0,0,0,0,0,0,0,0,0,0,0,0,0,0,0,0,0,0,0,0,0,0,0,0,0,CDLHANGINGMAN_Bear,1.0,-87.0,Bear
47,2021-12-23 13:00:00,1640257200000,48434.53,48541.86,48227.98,48354.77,1185.40474,1640260799999,0,0,0,0,0,0,0,0,0,0,0,0,0,0,0,0,0,0,0,0,0,0,0,0,0,0,0,0,0,0,0,0,0,0,0,0,0,0,0,0,0,0,0,0,0,0,0,-73,0,0,0,0,0,0,0,0,CDLSPINNINGTOP_Bear,1.0,-73.0,Bear
48,2021-12-23 14:00:00,1640260800000,48354.76,48838.63,48323.98,48616.93,1249.92282,1640264399999,0,0,0,0,0,0,0,0,0,62,0,0,0,0,0,0,0,84,0,0,0,0,0,0,0,0,0,0,0,0,0,0,0,0,0,0,0,0,0,0,0,0,0,0,0,0,0,0,0,0,0,0,0,0,0,0,CDLBELTHOLD_Bull,2.0,146.0,Bull
49,2021-12-23 15:00:00,1640264400000,48616.94,48859.61,48584.43,48614.97,1384.61313,1640267999999,0,0,0,0,0,0,0,0,0,0,0,0,0,0,104,0,0,0,0,0,0,77,0,0,0,0,-67,0,0,0,0,0,0,0,0,37,0,0,0,0,0,0,0,0,0,0,0,-73,0,0,0,0,0,0,0,0,CDLLONGLEGGEDDOJI_Bull,5.0,78.0,Bear
50,2021-12-23 16:00:00,1640268000000,48614.96,48700.0,48464.0,48599.23,997.82265,1640271599999,0,0,0,0,0,0,0,0,0,0,0,0,0,0,104,0,0,0,0,0,0,0,0,0,0,0,-67,0,0,0,0,0,0,0,0,37,0,7,0,0,0,0,0,35,0,0,0,-73,0,0,0,0,0,0,0,0,CDLMATCHINGLOW_Bull,6.0,43.0,Bear
51,2021-12-23 17:00:00,1640271600000,48599.24,48849.66,48578.15,48819.33,992.50872,1640275199999,0,0,0,0,0,0,0,0,0,62,0,70,0,0,0,0,0,0,0,0,0,0,0,0,0,0,0,0,0,0,0,0,0,0,0,0,71,0,0,0,0,0,0,0,0,36,0,0,0,0,0,0,0,0,0,0,CDLSEPARATINGLINES_Bull,4.0,239.0,Bull
52,2021-12-23 18:00:00,1640275200000,48819.33,49154.0,48677.52,49089.49,2038.16202,1640278799999,0,0,0,0,0,0,0,0,0,0,0,0,0,0,0,0,0,0,0,0,0,0,0,0,0,0,0,0,0,0,0,0,0,0,0,0,0,0,0,0,0,0,0,0,0,0,0,0,0,0,0,0,0,0,0,0,NO_PATTERN,0.0,0.0,No
53,2021-12-23 19:00:00,1640278800000,49089.49,50166.0,49013.0,50060.01,3915.22028,1640282399999,0,0,0,0,0,0,0,0,0,0,0,0,0,0,0,0,0,0,0,0,0,0,0,0,0,0,0,0,0,0,0,0,0,0,0,0,0,0,0,0,0,0,0,0,0,0,0,0,0,0,0,0,0,0,0,0,NO_PATTERN,0.0,0.0,No
54,2021-12-23 20:00:00,1640282400000,50060.01,50776.98,50060.0,50619.98,4053.4834,1640285999999,0,0,0,0,0,0,0,0,-54,62,0,0,0,0,0,0,0,0,0,0,0,0,0,0,0,0,0,0,0,0,0,0,0,0,0,0,0,0,0,0,0,0,0,0,0,0,0,0,0,0,0,0,0,0,0,0,CDLADVANCEBLOCK_Bear,2.0,8.0,Bull
55,2021-12-23 21:00:00,1640286000000,50619.98,51375.0,50500.0,51109.99,2934.34312,1640289599999,0,0,0,0,0,0,0,0,0,0,0,0,0,0,0,0,0,0,0,0,0,0,0,0,0,0,0,0,0,0,0,0,0,0,0,0,0,0,0,0,0,0,0,0,0,0,0,0,0,0,0,0,0,0,0,0,NO_PATTERN,0.0,0.0,No
56,2021-12-23 22:00:00,1640289600000,51110.0,51209.3,50718.66,50929.71,1825.89043,1640293199999,0,0,0,0,0,0,0,0,0,0,0,0,0,0,0,0,0,0,0,0,0,0,0,0,0,0,0,0,0,0,0,0,0,0,0,0,0,0,0,0,0,0,0,0,0,0,0,0,0,0,0,0,0,0,0,0,NO_PATTERN,0.0,0.0,No
57,2021-12-23 23:00:00,1640293200000,50929.71,50980.99,50622.75,50824.37,1290.12677,1640296799999,0,0,0,0,0,0,0,0,0,0,0,0,0,0,0,0,0,0,0,0,0,0,65,0,0,0,0,85,0,0,0,0,0,0,0,0,0,0,0,0,0,0,0,0,0,0,0,0,0,0,0,0,0,0,0,0,CDLHAMMER_Bull,2.0,150.0,Bull
58,2021-12-24 00:00:00,1640296800000,50824.37,50998.72,50706.45,50758.94,858.21201,1640300399999,0,0,0,0,0,0,0,0,0,0,0,0,0,0,0,0,0,0,0,0,0,0,0,0,0,0,0,0,0,0,0,0,0,0,0,0,0,0,0,0,0,0,0,0,0,0,0,0,0,0,0,0,0,0,0,0,NO_PATTERN,0.0,0.0,No
59,2021-12-24 01:00:00,1640300400000,50758.94,50851.11,50501.0,50838.81,1048.89266,1640303999999,0,0,0,0,0,0,0,0,0,0,0,0,0,0,0,0,0,0,0,0,0,0,65,0,0,0,0,0,0,0,0,0,0,0,0,0,0,0,0,0,0,0,0,0,0,0,0,0,0,0,0,0,0,0,0,0,CDLHAMMER_Bull,1.0,65.0,Bull
60,2021-12-24 02:00:00,1640304000000,50838.82,50990.0,50644.48,50877.38,1258.57071,1640307599999,0,0,0,0,0,0,0,0,0,0,0,0,0,0,104,0,0,0,0,0,0,0,0,0,0,0,67,0,0,0,0,0,0,0,0,37,0,0,0,0,0,0,0,35,0,0,0,69,0,0,0,0,0,0,0,0,CDLRICKSHAWMAN_Bull,5.0,312.0,Bull
61,2021-12-24 03:00:00,1640307600000,50877.38,51375.0,50843.12,51350.01,3037.17958,1640311199999,0,0,0,0,0,0,0,0,0,62,0,70,0,0,0,0,0,0,0,0,0,0,0,0,0,0,0,0,0,0,0,0,0,0,0,0,71,0,0,0,0,0,0,0,0,0,0,0,0,0,0,0,0,0,0,0,CDLBELTHOLD_Bull,3.0,203.0,Bull
62,2021-12-24 04:00:00,1640311200000,51350.01,51527.58,51015.55,51044.02,2286.33021,1640314799999,0,0,0,0,0,0,0,0,0,0,0,0,0,0,0,0,0,0,0,0,0,0,0,0,0,0,0,0,0,0,0,0,0,0,0,0,0,0,0,0,0,0,0,0,0,0,0,0,0,0,0,0,0,0,0,0,NO_PATTERN,0.0,0.0,No
63,2021-12-24 05:00:00,1640314800000,51044.02,51167.46,50851.02,51029.99,1237.77455,1640318399999,0,0,0,0,0,0,0,0,0,0,0,0,0,0,104,0,0,0,0,0,0,0,0,0,0,0,-67,0,0,0,0,0,0,0,0,37,0,7,0,0,0,0,0,35,0,0,0,-73,0,0,0,0,0,0,0,0,CDLMATCHINGLOW_Bull,6.0,43.0,Bear
64,2021-12-24 06:00:00,1640318400000,51030.0,51109.09,50926.55,50951.47,560.59259,1640321994362,0,0,0,0,0,0,0,0,0,0,0,0,0,0,0,0,0,0,0,0,0,0,0,0,0,0,0,0,0,0,0,0,0,0,0,0,0,0,0,0,0,0,0,0,0,0,0,0,0,0,0,0,0,0,0,0,NO_PATTERN,0.0,0.0,No
65,2021-12-24 07:00:00,1640322000000,50951.41,51026.34,50828.99,51012.73,765.92466,1640325599999,0,0,0,0,0,0,0,0,0,0,0,0,0,0,0,0,0,0,0,0,0,0,65,0,0,0,0,85,0,0,0,0,0,0,0,0,0,0,0,0,0,0,0,0,0,0,0,0,0,0,0,0,0,0,0,0,CDLHAMMER_Bull,2.0,150.0,Bull
66,2021-12-24 08:00:00,1640325600000,51012.72,51012.73,50736.11,50883.73,955.1915,1640329199999,0,0,0,0,0,0,0,0,0,0,0,0,0,0,0,0,0,0,0,0,0,0,65,0,0,0,0,0,0,0,0,0,0,0,0,0,0,0,0,0,0,0,0,0,0,0,0,0,0,0,0,0,0,0,0,0,CDLHAMMER_Bull,1.0,65.0,Bull
67,2021-12-24 09:00:00,1640329200000,50883.73,51076.98,50818.1,50994.75,913.84277,1640332799999,0,0,0,0,0,0,0,0,0,0,0,0,0,0,0,0,0,0,0,0,0,0,0,0,0,0,0,0,0,0,0,0,0,0,0,0,0,0,0,0,0,0,0,0,0,0,0,0,0,0,0,0,0,0,0,0,NO_PATTERN,0.0,0.0,No
68,2021-12-24 10:00:00,1640332800000,50994.75,51198.0,50895.57,51069.18,998.78873,1640336399999,0,0,0,0,0,0,0,0,0,0,0,0,0,0,0,0,0,0,0,0,0,0,0,0,0,0,0,0,0,0,0,0,0,0,0,0,0,0,0,0,0,0,0,0,0,0,0,69,0,0,0,0,0,0,0,0,CDLSPINNINGTOP_Bull,1.0,69.0,Bull
69,2021-12-24 11:00:00,1640336400000,51069.18,51300.01,51034.97,51267.12,909.00254,1640339999999,0,0,0,0,0,0,0,0,0,0,0,0,0,0,0,0,0,0,0,0,0,0,0,0,0,0,0,0,0,0,0,0,0,0,0,0,0,0,0,0,0,0,0,0,0,0,0,0,0,0,0,0,0,0,0,0,NO_PATTERN,0.0,0.0,No
70,2021-12-24 12:00:00,1640340000000,51267.13,51271.63,51053.96,51181.29,780.55018,1640343599999,0,0,0,0,0,0,0,0,0,0,0,0,0,0,0,0,0,0,0,0,0,0,0,0,0,0,0,0,0,0,0,0,0,0,0,0,0,0,0,0,0,0,0,0,0,0,0,0,0,0,0,0,0,0,0,0,NO_PATTERN,0.0,0.0,No
71,2021-12-24 13:00:00,1640343600000,51181.29,51550.0,50858.0,50993.88,2212.41929,1640347199999,0,0,0,0,0,0,0,0,0,0,0,0,0,0,0,0,0,0,0,0,0,0,0,0,0,0,0,0,0,0,0,0,0,0,0,0,0,0,0,0,0,0,0,0,0,0,0,0,0,0,0,0,0,0,0,0,NO_PATTERN,0.0,0.0,No
72,2021-12-24 14:00:00,1640347200000,50993.89,51084.41,50823.39,51026.21,982.19209,1640350799999,0,0,0,0,0,0,0,0,0,0,0,0,0,0,0,0,0,0,0,0,0,0,0,0,38,0,0,0,0,0,0,0,0,0,0,0,0,0,0,0,0,0,0,0,0,0,0,69,0,0,0,0,0,0,0,0,CDLHARAMI_Bull,2.0,107.0,Bull
73,2021-12-24 15:00:00,1640350800000,51026.21,51171.74,50870.6,51040.49,971.86647,1640354399999,0,0,0,0,0,0,0,0,0,0,0,0,0,0,104,0,0,0,0,0,0,0,0,0,0,0,67,0,0,0,0,0,0,0,0,37,0,0,0,0,0,0,0,35,0,0,0,69,0,0,0,0,0,0,0,0,CDLRICKSHAWMAN_Bull,5.0,312.0,Bull
74,2021-12-24 16:00:00,1640354400000,51040.49,51244.22,50668.52,50760.99,1466.83006,1640357999999,0,0,0,0,0,0,0,0,0,0,0,0,0,0,0,0,0,0,0,0,0,0,0,0,0,0,0,0,0,0,0,0,0,0,0,0,0,0,0,0,0,0,0,0,0,0,0,0,0,0,0,0,0,0,0,0,NO_PATTERN,0.0,0.0,No
75,2021-12-24 17:00:00,1640358000000,50760.99,50987.2,50384.43,50956.68,1950.43136,1640361599999,0,0,0,0,0,0,0,0,0,0,0,70,0,0,0,0,0,0,0,0,0,0,0,0,0,0,0,0,0,0,0,0,0,0,0,0,0,0,0,0,0,0,0,0,0,0,0,0,0,0,0,0,0,0,0,0,CDLCLOSINGMARUBOZU_Bull,1.0,70.0,Bull
76,2021-12-24 18:00:00,1640361600000,50956.68,51220.0,50826.08,50926.97,1619.27325,1640365199999,0,0,0,0,0,0,0,0,0,0,0,0,0,0,104,0,0,0,0,0,0,0,0,0,0,0,-67,0,0,0,0,0,0,0,0,37,0,0,0,0,0,0,0,35,0,0,0,-73,0,0,0,0,0,0,0,0,CDLRICKSHAWMAN_Bull,5.0,36.0,Bear
77,2021-12-24 19:00:00,1640365200000,50926.96,51116.31,50735.87,51112.83,684.89831,1640368799999,0,0,0,0,0,0,0,0,0,0,0,70,0,0,0,0,0,84,0,0,0,0,0,0,0,0,0,0,0,0,0,0,0,0,0,0,0,0,0,0,0,0,0,0,0,0,0,0,0,0,0,0,0,0,0,0,CDLCLOSINGMARUBOZU_Bull,2.0,154.0,Bull
78,2021-12-24 20:00:00,1640368800000,51112.83,51638.0,51072.16,51600.48,1861.91217,1640372399999,0,0,0,0,34,0,0,0,0,0,0,70,0,0,0,0,0,0,0,0,0,0,0,0,0,0,0,0,0,0,0,0,0,0,0,0,0,0,0,0,0,0,0,0,0,0,0,0,0,0,0,0,0,0,0,0,CDL3OUTSIDE_Bull,2.0,104.0,Bull
79,2021-12-24 21:00:00,1640372400000,51600.47,51810.0,51083.58,51126.4,1935.07156,1640375999999,0,0,0,0,0,0,0,0,0,0,0,0,0,0,0,0,0,0,0,0,0,0,0,0,0,0,0,0,0,0,0,0,0,0,0,0,0,0,0,0,0,0,0,0,0,0,0,0,0,0,0,0,0,0,0,0,NO_PATTERN,0.0,0.0,No
80,2021-12-24 22:00:00,1640376000000,51126.4,51236.15,50773.9,51109.18,1640.57091,1640379599999,0,0,0,0,0,0,0,0,0,0,0,0,0,0,104,0,0,0,0,0,0,0,0,0,0,0,-67,0,0,0,0,0,0,0,0,37,0,7,0,0,0,0,0,35,0,0,0,-73,0,0,0,0,0,0,0,0,CDLMATCHINGLOW_Bull,6.0,43.0,Bear
81,2021-12-24 23:00:00,1640379600000,51109.17,51135.26,50847.84,50876.44,598.85044,1640383199999,0,0,0,0,0,0,0,0,0,-63,0,-43,0,0,0,0,0,0,0,0,0,0,0,0,0,0,0,0,0,0,0,0,0,0,0,0,-57,0,0,0,0,0,0,0,0,0,0,0,0,0,0,0,0,0,0,0,CDLCLOSINGMARUBOZU_Bear,3.0,-163.0,Bear
82,2021-12-25 00:00:00,1640383200000,50876.44,50955.53,50570.16,50760.55,1001.76155,1640386799999,0,0,0,0,0,0,0,0,0,0,0,0,0,0,0,0,0,0,0,0,0,0,0,0,0,0,0,85,0,0,0,0,0,0,0,0,0,0,0,0,0,0,0,0,0,0,0,0,0,0,0,0,0,0,0,0,CDLHIKKAKE_Bull,1.0,85.0,Bull
83,2021-12-25 01:00:00,1640386800000,50760.55,50890.01,50500.0,50820.0,1032.09337,1640390399999,0,0,0,0,0,0,0,0,0,0,0,0,0,0,0,0,0,0,0,0,0,0,0,0,0,0,0,0,0,0,0,0,0,0,0,0,0,0,0,0,0,0,0,0,0,0,0,69,0,0,0,0,0,0,0,0,CDLSPINNINGTOP_Bull,1.0,69.0,Bull
84,2021-12-25 02:00:00,1640390400000,50819.99,51066.32,50600.0,51045.25,744.53471,1640393999999,0,0,0,0,0,0,0,0,0,0,0,70,0,0,0,0,0,0,0,0,0,0,0,0,0,0,0,0,0,0,0,0,0,0,0,0,0,0,0,0,0,0,0,0,0,0,0,0,0,0,0,0,0,0,0,0,CDLCLOSINGMARUBOZU_Bull,1.0,70.0,Bull
85,2021-12-25 03:00:00,1640394000000,51045.25,51090.0,50850.0,50992.54,594.85161,1640397599999,0,0,0,0,0,0,0,0,0,0,0,0,0,0,0,0,0,0,0,0,0,0,0,-87,0,0,0,0,0,0,0,0,0,0,0,0,0,0,0,0,0,0,0,0,0,0,0,0,0,0,0,0,0,0,0,0,CDLHANGINGMAN_Bear,1.0,-87.0,Bear
86,2021-12-25 04:00:00,1640397600000,50992.55,51131.25,50768.42,50768.43,663.28411,1640401199999,0,0,0,0,0,0,0,0,0,0,0,-43,0,0,0,0,0,0,0,0,0,0,0,0,0,0,0,0,0,0,0,0,0,0,0,0,0,0,0,0,0,0,0,0,0,0,0,0,0,0,0,0,0,0,0,0,CDLCLOSINGMARUBOZU_Bear,1.0,-43.0,Bear
87,2021-12-25 05:00:00,1640401200000,50768.42,50932.49,50700.19,50844.14,533.43132,1640404799999,0,0,0,0,0,0,0,0,0,0,0,0,0,0,0,0,0,0,0,0,0,0,0,0,0,0,0,0,0,0,0,0,0,0,0,0,0,0,0,0,0,0,0,0,0,0,0,0,0,0,0,0,0,0,0,0,NO_PATTERN,0.0,0.0,No
88,2021-12-25 06:00:00,1640404800000,50844.13,51054.69,50800.79,50886.42,600.63354,1640408399999,0,0,0,0,0,0,0,0,0,0,0,0,0,0,0,0,0,0,0,0,0,0,0,0,0,0,0,0,0,0,0,0,0,0,0,0,0,0,0,0,0,0,0,0,0,0,0,69,0,0,0,0,0,0,0,0,CDLSPINNINGTOP_Bull,1.0,69.0,Bull
89,2021-12-25 07:00:00,1640408400000,50886.42,51010.42,50858.56,50886.99,484.5835,1640411999999,0,0,0,0,0,0,0,0,0,0,0,0,0,0,104,0,0,0,0,0,0,77,0,0,0,0,67,0,0,0,0,0,0,0,0,37,0,0,0,0,0,0,0,35,0,0,0,69,0,0,0,0,0,0,0,0,CDLRICKSHAWMAN_Bull,6.0,389.0,Bull
90,2021-12-25 08:00:00,1640412000000,50886.99,50986.23,50656.43,50965.88,640.70759,1640415599999,0,0,0,0,0,0,0,0,0,0,0,0,0,0,0,0,0,0,0,0,0,0,65,0,0,0,0,85,0,0,0,0,0,0,0,0,0,0,0,0,0,0,0,0,0,0,0,0,0,0,0,0,0,0,0,0,CDLHAMMER_Bull,2.0,150.0,Bull
91,2021-12-25 09:00:00,1640415600000,50965.89,51084.13,50822.17,50919.17,782.58942,1640419199999,0,0,0,0,0,0,0,0,0,0,0,0,0,0,0,0,0,0,0,0,0,0,0,0,0,0,-67,0,0,0,0,0,0,0,0,0,0,0,0,0,0,0,0,0,0,0,0,-73,0,0,0,0,0,0,0,0,CDLHIGHWAVE_Bear,2.0,-140.0,Bear
92,2021-12-25 10:00:00,1640419200000,50919.18,50968.57,50789.0,50886.35,643.88073,1640422799999,0,0,0,0,0,0,0,0,0,0,0,0,0,0,0,0,0,0,0,0,0,0,0,0,0,0,0,0,0,0,0,0,0,0,0,0,0,0,0,0,0,0,0,0,0,0,0,-73,0,0,0,0,0,0,0,0,CDLSPINNINGTOP_Bear,1.0,-73.0,Bear
93,2021-12-25 11:00:00,1640422800000,50886.35,51009.29,50802.0,50807.4,531.8189,1640426399999,0,0,0,0,0,0,0,0,0,0,0,0,0,0,0,0,0,0,0,0,0,0,0,0,0,0,0,0,0,0,0,0,0,0,0,0,0,0,0,0,0,0,0,0,0,0,0,0,0,0,0,0,0,0,0,0,NO_PATTERN,0.0,0.0,No
94,2021-12-25 12:00:00,1640426400000,50807.39,50841.37,50555.0,50645.41,921.06352,1640429999999,0,0,0,0,0,0,0,0,0,0,0,0,0,0,0,0,0,0,0,0,0,0,0,0,0,0,0,0,0,0,0,0,0,0,0,0,0,0,0,0,0,0,0,0,0,0,0,0,0,0,0,0,0,0,0,0,NO_PATTERN,0.0,0.0,No
95,2021-12-25 13:00:00,1640430000000,50645.41,50816.32,50583.15,50682.97,537.97712,1640433599999,0,0,0,0,0,0,0,0,0,0,0,0,0,0,0,0,0,0,0,0,0,0,0,0,0,0,0,0,0,0,0,0,0,0,0,0,0,0,0,0,0,0,0,0,0,0,0,69,0,0,0,0,0,0,0,0,CDLSPINNINGTOP_Bull,1.0,69.0,Bull
96,2021-12-25 14:00:00,1640433600000,50682.97,50934.78,50682.96,50802.76,594.23214,1640437199999,0,0,0,0,0,0,0,0,0,62,0,0,0,0,0,0,0,0,0,0,0,0,0,0,0,0,0,-83,0,0,0,0,0,0,0,0,0,0,0,0,0,0,0,0,0,0,0,0,0,0,0,0,0,0,0,0,CDLBELTHOLD_Bull,2.0,-21.0,Bear
97,2021-12-25 15:00:00,1640437200000,50802.76,50900.0,50631.55,50847.48,1030.35323,1640440799999,0,0,0,0,0,0,0,0,0,0,0,0,0,0,0,0,0,0,0,0,0,0,0,0,0,0,0,0,0,0,0,0,0,0,0,0,0,0,0,0,0,0,0,0,0,0,0,69,0,0,0,0,0,0,0,0,CDLSPINNINGTOP_Bull,1.0,69.0,Bull
98,2021-12-25 16:00:00,1640440800000,50847.48,50865.55,50650.0,50744.9,688.75155,1640444399999,0,0,0,0,0,0,0,0,0,-63,0,0,0,0,0,0,0,0,0,0,0,0,0,0,0,0,0,0,0,0,0,0,0,0,0,0,0,0,0,0,0,0,0,0,0,0,0,0,0,0,0,0,0,0,0,0,CDLBELTHOLD_Bear,1.0,-63.0,Bear
99,2021-12-25 17:00:00,1640444400000,50744.89,50815.54,50650.0,50659.91,848.68752,1640447999999,0,0,0,0,0,0,0,0,0,0,0,-43,0,0,0,0,0,0,0,0,0,0,0,0,0,0,0,0,0,0,0,0,0,0,0,0,0,0,0,0,0,0,0,0,0,0,0,0,0,0,0,0,0,0,0,0,CDLCLOSINGMARUBOZU_Bear,1.0,-43.0,Bear
100,2021-12-25 18:00:00,1640448000000,50659.91,50765.32,50444.7,50600.02,1358.0278,1640451599999,0,0,0,0,0,0,0,0,0,0,0,0,0,0,0,0,0,0,0,0,0,0,0,0,0,0,0,0,0,0,0,0,0,0,0,0,0,0,0,0,0,0,0,0,0,0,0,-73,0,0,0,0,0,0,0,0,CDLSPINNINGTOP_Bear,1.0,-73.0,Bear
101,2021-12-25 19:00:00,1640451600000,50600.02,50849.0,50142.32,50781.75,2036.45313,1640455199999,0,0,0,0,0,0,0,0,0,0,0,0,0,0,0,0,0,0,0,0,0,0,0,0,0,0,0,0,0,0,0,0,0,0,0,0,0,0,0,0,0,0,0,0,0,0,0,0,0,0,0,0,0,0,0,0,NO_PATTERN,0.0,0.0,No
102,2021-12-25 20:00:00,1640455200000,50781.74,51156.23,50705.64,50986.34,1095.36984,1640458799999,0,0,0,0,0,0,0,0,0,0,0,0,0,0,0,0,0,0,0,0,0,0,0,0,0,0,0,0,0,0,0,0,0,0,0,0,0,0,0,0,0,0,0,0,0,0,0,0,0,0,0,0,0,0,0,0,NO_PATTERN,0.0,0.0,No
103,2021-12-25 21:00:00,1640458800000,50986.35,51062.1,50816.86,50889.15,477.80948,1640462399999,0,0,0,0,0,0,0,0,0,0,0,0,0,0,0,0,0,0,0,0,0,0,0,0,0,0,0,0,0,0,0,0,0,0,0,0,0,0,0,0,0,0,0,0,0,0,0,0,0,0,0,0,0,0,0,0,NO_PATTERN,0.0,0.0,No
104,2021-12-25 22:00:00,1640462400000,50889.15,50995.75,50732.58,50852.83,549.51431,1640465999999,0,0,0,0,0,0,0,0,0,0,0,0,0,0,0,0,0,0,0,0,0,0,0,0,0,0,-67,85,0,0,0,0,0,0,0,0,0,0,0,0,0,0,0,0,0,0,0,-73,0,0,0,0,0,0,0,0,CDLHIGHWAVE_Bear,3.0,-55.0,Bear
105,2021-12-25 23:00:00,1640466000000,50852.83,51080.0,50820.93,50960.01,677.25602,1640469599999,0,0,0,0,0,0,0,0,0,0,0,0,0,0,0,0,0,0,0,0,0,0,0,0,0,0,0,0,0,0,0,0,0,0,0,0,0,0,0,0,0,0,0,0,0,0,0,0,0,0,0,0,0,0,0,0,NO_PATTERN,0.0,0.0,No
106,2021-12-26 00:00:00,1640469600000,50960.01,50970.48,50554.46,50609.58,797.96415,1640473199999,0,0,0,0,0,0,0,0,0,-63,0,0,0,0,0,0,0,0,0,0,0,0,0,0,0,0,0,0,0,0,0,0,0,0,0,0,0,0,0,0,0,0,0,0,0,0,0,0,0,0,0,0,0,0,0,0,CDLBELTHOLD_Bear,1.0,-63.0,Bear
107,2021-12-26 01:00:00,1640473200000,50609.59,50691.17,50335.67,50399.66,1301.74089,1640476799999,0,0,0,0,0,0,0,0,0,0,0,0,0,0,0,0,0,0,0,0,0,0,0,0,0,0,0,0,0,0,0,0,0,0,0,0,0,0,0,0,0,0,0,0,0,0,0,0,0,0,0,0,0,0,0,0,NO_PATTERN,0.0,0.0,No
108,2021-12-26 02:00:00,1640476800000,50399.67,50561.34,50255.0,50378.41,1605.46199,1640480399999,0,0,0,0,0,0,0,0,0,0,0,0,0,0,104,0,0,0,0,0,0,0,0,0,0,0,-67,0,0,0,0,0,0,0,0,37,0,0,0,0,0,0,0,35,0,0,0,-73,0,0,0,0,0,0,0,0,CDLRICKSHAWMAN_Bull,5.0,36.0,Bear
109,2021-12-26 03:00:00,1640480400000,50378.41,50672.93,50314.66,50523.25,913.48694,1640483999999,0,0,0,0,0,0,0,0,0,0,0,0,0,0,0,0,0,0,0,0,0,0,0,0,0,0,0,0,0,0,0,0,0,0,0,0,0,0,0,0,0,0,0,0,0,0,0,0,0,0,0,0,0,0,0,0,NO_PATTERN,0.0,0.0,No
110,2021-12-26 04:00:00,1640484000000,50523.26,50557.87,49800.0,50028.5,1962.59558,1640487599999,0,0,0,0,0,0,0,0,0,-63,0,0,0,0,0,0,0,-91,0,0,0,0,0,0,0,0,0,0,0,0,0,0,0,0,0,0,0,0,0,0,0,0,0,0,0,0,0,0,0,0,0,0,0,0,0,0,CDLBELTHOLD_Bear,2.0,-154.0,Bear
111,2021-12-26 05:00:00,1640487600000,50028.49,50028.5,49610.0,49675.56,1885.43297,1640491199999,0,0,0,0,-39,0,0,0,0,-63,0,0,0,0,0,0,0,0,0,0,0,0,0,0,0,0,0,0,0,0,0,0,0,0,0,0,0,0,0,0,0,0,0,0,0,0,0,0,0,0,0,0,0,0,0,0,CDL3OUTSIDE_Bear,2.0,-102.0,Bear
112,2021-12-26 06:00:00,1640491200000,49675.56,49884.71,49600.95,49867.65,861.16017,1640494799999,0,0,0,0,0,0,0,0,0,0,0,0,0,0,0,0,0,0,0,0,0,0,0,0,0,0,0,0,0,0,0,0,0,0,0,0,0,0,0,0,0,0,0,0,0,0,0,0,0,0,0,0,0,0,0,0,NO_PATTERN,0.0,0.0,No
113,2021-12-26 07:00:00,1640494800000,49867.65,49977.07,49800.0,49862.63,626.04398,1640498399999,0,0,0,0,0,0,0,0,0,0,0,0,0,0,104,0,0,0,0,0,0,0,0,0,0,0,-67,0,0,0,0,0,0,0,0,37,0,0,0,0,0,0,0,35,0,0,0,-73,0,0,0,0,0,0,0,0,CDLRICKSHAWMAN_Bull,5.0,36.0,Bear
114,2021-12-26 08:00:00,1640498400000,49862.64,49961.51,49804.58,49904.96,475.21303,1640501999999,0,0,0,0,0,0,0,0,0,0,0,0,0,0,0,0,0,0,0,0,0,0,0,0,0,0,0,0,0,0,0,0,0,0,0,0,0,0,0,0,0,0,0,0,0,0,0,69,0,0,0,0,0,0,0,0,CDLSPINNINGTOP_Bull,1.0,69.0,Bull
115,2021-12-26 09:00:00,1640502000000,49904.96,49974.98,49716.17,49930.39,545.66501,1640505599999,0,0,0,0,0,0,0,0,0,0,0,0,0,0,104,0,0,0,0,0,0,0,0,0,0,0,0,0,0,0,0,0,0,0,0,37,0,0,0,0,0,0,0,35,0,0,0,69,0,0,0,0,0,0,0,0,CDLRICKSHAWMAN_Bull,4.0,245.0,Bull
116,2021-12-26 10:00:00,1640505600000,49930.39,50089.93,49826.01,49881.98,742.58404,1640509199999,0,0,0,0,0,0,0,0,0,0,0,0,0,0,0,0,0,0,0,0,0,0,0,0,0,0,0,0,0,0,0,0,0,0,0,0,0,0,0,0,0,0,0,0,0,0,0,-73,0,0,0,0,0,0,0,0,CDLSPINNINGTOP_Bear,1.0,-73.0,Bear
117,2021-12-26 11:00:00,1640509200000,49881.97,50169.17,49840.2,50012.6,772.37161,1640512799999,0,0,0,0,0,0,0,0,0,0,0,0,0,0,0,0,0,84,0,0,0,0,0,0,0,0,0,0,0,0,0,0,0,0,0,0,0,0,0,0,0,0,0,0,0,0,0,0,0,0,0,0,0,0,0,0,CDLENGULFING_Bull,1.0,84.0,Bull
118,2021-12-26 12:00:00,1640512800000,50012.61,50104.0,49924.02,50079.99,720.51634,1640516399999,0,0,0,0,34,0,0,0,0,0,0,0,0,0,0,0,0,0,0,0,0,0,0,0,0,0,0,0,0,0,0,0,0,0,0,0,0,0,0,0,0,0,0,0,0,0,0,0,0,0,0,0,0,0,0,0,CDL3OUTSIDE_Bull,1.0,34.0,Bull
119,2021-12-26 13:00:00,1640516400000,50080.0,50125.0,49412.0,49748.89,1463.81011,1640519999999,0,0,0,0,0,0,0,0,0,0,0,0,0,0,0,0,0,-91,0,0,0,0,0,0,0,0,0,0,0,0,0,0,0,0,0,0,0,0,0,0,0,0,0,0,0,0,0,0,0,0,0,0,0,0,0,0,CDLENGULFING_Bear,1.0,-91.0,Bear
120,2021-12-26 14:00:00,1640520000000,49748.89,49964.28,49642.11,49870.53,756.26845,1640523599999,0,0,0,0,0,0,0,0,0,0,0,0,0,0,0,0,0,0,0,0,0,0,0,0,0,0,0,0,0,0,0,0,0,0,0,0,0,0,0,0,0,0,0,0,0,0,0,0,0,0,0,0,0,0,0,0,NO_PATTERN,0.0,0.0,No
121,2021-12-26 15:00:00,1640523600000,49870.52,49984.0,49765.2,49841.99,633.77758,1640527199999,0,0,0,0,0,0,0,0,0,0,0,0,0,0,104,0,0,0,0,0,0,0,0,0,0,0,-67,-83,0,0,0,0,0,0,0,37,0,0,0,0,0,0,0,35,0,0,0,-73,0,0,0,0,0,0,0,0,CDLRICKSHAWMAN_Bull,6.0,-47.0,Bear
122,2021-12-26 16:00:00,1640527200000,49842.0,49950.0,49732.01,49901.56,618.67657,1640530799999,0,0,0,0,0,0,0,0,0,0,0,0,0,0,0,0,0,0,0,0,0,0,0,0,0,0,0,0,0,0,0,0,0,0,0,0,0,0,0,0,0,0,0,0,0,0,0,0,0,0,0,0,0,0,0,0,NO_PATTERN,0.0,0.0,No
123,2021-12-26 17:00:00,1640530800000,49901.57,50281.08,49900.74,50049.34,949.75752,1640534399999,0,0,0,0,0,0,0,0,0,62,0,0,0,0,0,0,0,0,0,0,0,0,0,0,0,0,0,0,0,0,0,0,0,0,0,0,0,0,0,0,0,0,0,0,0,0,0,0,0,0,0,0,0,0,0,0,CDLBELTHOLD_Bull,1.0,62.0,Bull
124,2021-12-26 18:00:00,1640534400000,50049.34,50400.0,50018.38,50240.53,854.58314,1640537999999,0,0,0,0,0,0,0,0,0,0,0,0,0,0,0,0,0,0,0,0,0,0,0,0,0,0,0,0,0,0,0,0,0,0,0,0,0,0,0,0,0,0,0,0,0,0,0,0,0,0,0,0,0,0,0,0,NO_PATTERN,0.0,0.0,No
125,2021-12-26 19:00:00,1640538000000,50240.53,50386.0,50166.08,50255.17,731.04697,1640541599999,0,0,0,0,0,0,0,0,0,0,0,0,0,0,104,0,0,0,0,0,0,0,0,0,0,0,67,0,0,0,0,0,0,0,0,37,0,0,0,0,0,0,0,35,0,0,0,69,0,0,0,0,0,0,0,0,CDLRICKSHAWMAN_Bull,5.0,312.0,Bull
126,2021-12-26 20:00:00,1640541600000,50255.17,50399.0,50139.07,50351.1,650.75879,1640545199999,0,0,0,0,0,0,0,0,0,0,0,0,0,0,0,0,0,0,0,0,0,0,0,0,0,0,0,0,0,0,0,0,0,0,0,0,0,0,0,0,0,0,0,0,0,0,0,0,0,0,0,0,0,0,0,0,NO_PATTERN,0.0,0.0,No
127,2021-12-26 21:00:00,1640545200000,50351.1,50465.54,50212.83,50342.51,643.89318,1640548799999,0,0,0,0,0,0,0,0,0,0,0,0,0,0,104,0,0,0,0,0,0,0,0,0,0,0,-67,0,0,0,0,0,0,0,0,37,0,0,0,0,0,0,0,35,0,0,0,-73,0,0,0,0,0,0,0,0,CDLRICKSHAWMAN_Bull,5.0,36.0,Bear
128,2021-12-26 22:00:00,1640548800000,50342.51,50382.61,50265.97,50269.44,387.9616,1640552399999,0,0,0,0,0,0,0,0,0,0,0,0,0,0,0,0,0,0,0,0,0,0,0,0,0,0,0,0,0,0,0,0,0,0,0,0,0,0,0,0,0,0,0,0,0,0,0,0,0,0,0,0,0,0,0,0,NO_PATTERN,0.0,0.0,No
129,2021-12-26 23:00:00,1640552400000,50269.44,51040.0,49914.73,50774.16,1890.38608,1640555999999,0,0,0,0,0,0,0,0,0,0,0,0,0,0,0,0,0,0,0,0,0,0,0,0,0,0,0,0,0,0,0,0,0,0,0,0,0,0,0,0,0,0,0,0,0,0,0,0,0,0,0,0,0,0,0,0,NO_PATTERN,0.0,0.0,No
130,2021-12-27 00:00:00,1640556000000,50776.16,51280.0,50772.0,50973.64,1221.97065,1640559599999,0,0,0,0,0,0,0,0,0,62,0,0,0,0,0,0,0,0,0,0,0,0,0,0,0,0,0,0,0,0,0,0,0,0,0,0,0,0,0,0,0,0,0,0,0,0,0,0,0,0,0,0,0,0,0,0,CDLBELTHOLD_Bull,1.0,62.0,Bull
131,2021-12-27 01:00:00,1640559600000,50973.65,51062.04,50638.16,50775.49,656.46684,1640563199999,0,0,0,0,0,0,0,0,0,0,0,0,0,0,0,0,0,-91,0,0,0,0,0,0,0,0,0,0,0,0,0,0,0,0,0,0,0,0,0,0,0,0,0,0,0,0,0,0,0,0,0,0,0,0,0,0,CDLENGULFING_Bear,1.0,-91.0,Bear
132,2021-12-27 02:00:00,1640563200000,50775.48,50974.97,50567.6,50622.87,1018.69342,1640566799999,0,0,0,0,-39,0,0,0,0,0,0,0,0,0,0,0,0,0,0,0,0,0,0,0,0,0,0,0,0,0,0,0,0,0,0,0,0,0,0,0,0,0,0,0,0,0,0,0,0,0,0,0,0,0,0,0,CDL3OUTSIDE_Bear,1.0,-39.0,Bear
133,2021-12-27 03:00:00,1640566800000,50622.86,50816.31,50449.0,50787.94,819.30551,1640570399999,0,0,0,0,0,0,0,0,0,0,0,70,0,0,0,0,0,84,0,0,0,0,0,0,0,0,0,0,0,0,0,0,0,0,0,0,0,0,0,0,0,0,0,0,0,0,0,0,0,0,0,0,0,0,0,0,CDLCLOSINGMARUBOZU_Bull,2.0,154.0,Bull
134,2021-12-27 04:00:00,1640570400000,50787.93,50940.01,50669.04,50816.24,804.4424,1640573999999,0,0,0,0,34,0,0,0,0,0,0,0,0,0,104,0,0,0,0,0,0,0,0,0,0,0,67,0,0,0,0,0,0,0,0,37,0,0,0,0,0,0,0,35,0,0,0,69,0,0,0,0,0,0,0,0,CDL3OUTSIDE_Bull,6.0,346.0,Bull
135,2021-12-27 05:00:00,1640574000000,50816.19,51150.0,50791.07,51009.02,1109.63762,1640577599999,0,0,0,0,0,0,0,0,0,62,0,0,0,0,0,0,0,0,0,0,0,0,0,0,0,0,0,0,0,0,0,0,0,0,0,0,0,0,0,0,0,0,0,0,0,0,0,0,0,0,0,0,0,0,0,0,CDLBELTHOLD_Bull,1.0,62.0,Bull
136,2021-12-27 06:00:00,1640577600000,51009.02,51093.86,50870.96,51001.51,1079.85491,1640581199999,0,0,0,0,0,0,0,0,0,0,0,0,0,0,104,0,0,0,0,0,0,0,0,0,0,0,-67,0,0,0,0,0,0,0,0,37,0,0,0,0,0,0,0,35,0,0,0,-73,0,0,0,0,0,0,0,0,CDLRICKSHAWMAN_Bull,5.0,36.0,Bear
137,2021-12-27 07:00:00,1640581200000,51001.52,51020.0,50832.72,50853.02,747.07122,1640584799999,0,0,0,0,0,0,0,0,0,0,0,0,0,0,0,0,0,0,0,0,0,0,0,0,0,0,0,85,0,0,0,0,0,0,0,0,0,0,0,0,0,0,0,0,0,0,0,0,0,0,0,0,0,0,0,0,CDLHIKKAKE_Bull,1.0,85.0,Bull
138,2021-12-27 08:00:00,1640584800000,50853.03,50974.82,50730.53,50935.93,808.85343,1640588399999,0,0,0,0,0,0,0,0,0,0,0,0,0,0,0,0,0,0,0,0,0,0,65,0,0,0,0,0,0,0,0,0,0,0,0,0,0,0,0,0,0,0,0,0,0,0,0,0,0,0,0,0,0,0,0,0,CDLHAMMER_Bull,1.0,65.0,Bull
139,2021-12-27 09:00:00,1640588400000,50935.94,50985.39,50631.0,50694.83,953.99767,1640591999999,0,0,0,0,0,0,0,0,0,0,0,0,0,0,0,0,0,-91,0,0,0,0,0,0,0,0,0,0,0,0,0,0,0,0,0,0,0,0,0,0,0,0,0,0,0,0,0,0,0,0,0,0,0,0,0,0,CDLENGULFING_Bear,1.0,-91.0,Bear
140,2021-12-27 10:00:00,1640592000000,50694.83,50846.63,50555.0,50555.01,873.45815,1640595599999,0,0,0,0,-39,0,0,0,0,0,0,0,0,0,0,0,0,0,0,0,0,0,0,0,0,0,0,0,0,0,0,0,0,0,0,0,0,0,0,0,0,0,0,0,0,0,0,0,0,0,0,0,0,0,0,0,CDL3OUTSIDE_Bear,1.0,-39.0,Bear
141,2021-12-27 11:00:00,1640595600000,50555.0,50772.47,50499.77,50755.87,1077.65448,1640599199999,0,0,0,0,0,0,0,0,0,0,0,70,0,0,0,0,0,84,0,0,0,0,0,0,0,0,0,0,0,0,0,0,0,0,0,0,0,0,0,0,0,0,0,0,0,0,0,0,0,0,0,0,0,0,0,0,CDLCLOSINGMARUBOZU_Bull,2.0,154.0,Bull
142,2021-12-27 12:00:00,1640599200000,50755.87,50900.0,50675.32,50791.11,854.73514,1640602799999,0,0,0,0,34,0,0,0,0,0,0,0,0,0,0,0,0,0,0,0,0,0,0,0,0,0,67,0,0,0,0,0,0,0,0,0,0,0,0,0,0,0,0,0,0,0,0,69,0,0,0,0,0,0,0,0,CDL3OUTSIDE_Bull,3.0,170.0,Bull
143,2021-12-27 13:00:00,1640602800000,50791.1,50875.41,50666.01,50759.45,917.20694,1640606399999,0,0,0,0,0,0,0,0,0,0,0,0,0,0,0,0,0,0,0,0,0,0,0,0,0,0,-67,0,0,0,0,0,0,0,0,0,0,0,0,0,0,0,0,0,0,0,0,-73,0,0,0,0,0,0,0,0,CDLHIGHWAVE_Bear,2.0,-140.0,Bear
144,2021-12-27 14:00:00,1640606400000,50759.46,51200.0,50567.07,51118.83,1798.24962,1640609999999,0,0,0,0,0,0,0,0,0,0,0,0,0,0,0,0,0,0,0,0,0,0,0,0,0,0,0,0,0,0,0,0,0,0,0,0,0,0,0,0,0,0,0,0,0,0,0,0,0,0,0,0,0,0,0,0,NO_PATTERN,0.0,0.0,No
145,2021-12-27 15:00:00,1640610000000,51118.84,51400.0,50979.83,51300.0,1689.5045,1640613599999,0,0,0,0,0,0,0,0,0,0,0,0,0,0,0,0,0,0,0,0,0,0,0,0,0,0,0,0,0,0,0,0,0,0,0,0,0,0,0,0,0,0,0,0,0,0,0,0,0,0,0,0,0,0,0,0,NO_PATTERN,0.0,0.0,No
146,2021-12-27 16:00:00,1640613600000,51299.99,51677.0,51210.0,51502.54,1970.71236,1640617199999,0,0,0,0,0,0,0,0,0,0,0,0,0,0,0,0,0,0,0,0,0,0,0,0,0,0,0,0,0,0,0,0,0,0,0,0,0,0,0,0,0,0,0,0,0,0,0,0,0,0,0,0,0,0,0,0,NO_PATTERN,0.0,0.0,No
147,2021-12-27 17:00:00,1640617200000,51502.55,51655.05,51366.0,51450.57,1137.10818,1640620799999,0,0,0,0,0,0,0,0,0,0,0,0,0,0,0,0,0,0,0,0,0,0,0,0,0,0,0,0,0,0,0,0,0,0,0,0,0,0,0,0,0,0,0,0,0,0,0,-73,0,0,0,0,0,0,0,0,CDLSPINNINGTOP_Bear,1.0,-73.0,Bear
148,2021-12-27 18:00:00,1640620800000,51450.58,51519.97,51210.0,51468.0,1233.70476,1640624399999,0,0,0,0,0,0,0,0,0,0,0,0,0,0,104,0,0,0,0,0,0,0,0,0,0,0,67,85,0,0,0,0,0,0,0,37,0,0,0,0,0,0,0,0,0,0,0,69,0,0,0,0,0,0,0,0,CDLLONGLEGGEDDOJI_Bull,5.0,362.0,Bull
149,2021-12-27 19:00:00,1640624400000,51468.0,52088.0,51441.67,51853.1,2306.06183,1640627999999,0,0,0,0,0,0,0,0,0,62,0,0,0,0,0,0,0,0,0,0,0,0,0,0,0,0,0,85,0,0,0,0,0,0,0,0,0,0,0,0,0,0,0,0,0,0,0,0,0,0,0,0,0,0,0,0,CDLBELTHOLD_Bull,2.0,147.0,Bull
150,2021-12-27 20:00:00,1640628000000,51853.1,51932.0,51626.55,51690.69,1296.1781,1640631599999,0,0,0,0,0,0,0,0,0,0,0,0,0,0,0,0,0,0,0,0,0,0,0,0,0,0,0,0,0,0,0,0,0,0,0,0,0,0,0,0,0,0,0,0,0,0,0,0,0,0,0,0,0,0,0,0,NO_PATTERN,0.0,0.0,No
151,2021-12-27 21:00:00,1640631600000,51690.68,51713.64,51200.0,51204.64,1297.9168,1640635199999,0,0,0,0,0,0,0,0,0,-63,0,-43,0,0,0,0,0,0,0,0,0,0,0,0,0,0,0,85,0,0,0,0,0,0,0,0,-57,0,0,0,0,0,0,0,0,0,0,0,0,0,0,0,0,0,0,0,CDLCLOSINGMARUBOZU_Bear,4.0,-78.0,Bear
152,2021-12-27 22:00:00,1640635200000,51204.65,51365.76,50906.32,51225.88,1432.38555,1640638799999,0,0,0,0,0,0,0,0,0,0,0,0,0,0,104,0,0,0,0,0,0,0,0,0,38,50,67,0,0,0,0,0,0,0,0,37,0,0,0,0,0,0,0,35,0,0,0,69,0,0,0,0,0,0,0,0,CDLRICKSHAWMAN_Bull,7.0,400.0,Bull
153,2021-12-27 23:00:00,1640638800000,51225.88,51298.68,50940.0,50975.61,1083.41873,1640642399999,0,0,0,0,0,0,0,0,0,0,0,-43,0,0,0,0,0,0,0,0,0,0,0,0,0,0,0,0,0,0,0,0,0,0,0,0,0,0,0,0,0,0,0,0,0,0,0,0,0,0,0,0,0,0,0,0,CDLCLOSINGMARUBOZU_Bear,1.0,-43.0,Bear
154,2021-12-28 00:00:00,1640642400000,50975.6,51230.43,50702.01,51020.06,1234.48078,1640645999999,0,0,0,0,0,0,0,0,0,0,0,0,0,0,0,0,0,0,0,0,0,0,0,0,0,0,67,85,0,0,0,0,0,0,0,0,0,0,0,0,0,0,0,0,0,0,0,69,0,0,0,0,0,0,0,0,CDLHIGHWAVE_Bull,3.0,221.0,Bull
155,2021-12-28 01:00:00,1640646000000,51020.05,51057.68,50622.0,50701.44,1234.95002,1640649599999,0,0,0,0,0,0,0,0,0,-63,0,0,0,0,0,0,0,0,0,0,0,0,0,0,0,0,0,0,0,0,0,0,0,0,0,0,0,0,0,0,0,0,0,0,0,0,0,0,0,0,0,0,0,0,0,0,CDLBELTHOLD_Bear,1.0,-63.0,Bear
156,2021-12-28 02:00:00,1640649600000,50701.44,50704.05,50029.62,50350.23,2914.41578,1640653199999,0,0,0,0,0,0,0,0,0,-63,0,0,0,0,0,0,0,0,0,0,0,0,0,0,0,0,0,0,0,0,0,0,0,0,0,0,0,0,0,0,0,0,0,0,0,0,0,0,0,0,0,0,0,0,0,0,CDLBELTHOLD_Bear,1.0,-63.0,Bear
157,2021-12-28 03:00:00,1640653200000,50350.22,50350.23,49580.34,49818.63,2830.99927,1640656799999,0,0,0,0,0,0,0,0,0,-63,0,0,0,0,0,0,0,0,0,0,0,0,0,0,0,0,0,0,0,0,0,0,0,0,0,0,0,0,0,0,0,0,0,0,0,0,0,0,0,0,0,0,0,0,0,0,CDLBELTHOLD_Bear,1.0,-63.0,Bear
158,2021-12-28 04:00:00,1640656800000,49818.62,49966.06,49581.0,49775.31,1759.24183,1640660399999,0,0,0,0,0,0,0,0,0,0,0,0,0,0,104,49,0,0,0,0,0,0,0,0,0,0,-67,0,0,0,0,0,0,0,0,37,0,0,0,0,0,0,0,35,0,0,0,-73,0,0,0,0,0,0,0,0,CDLRICKSHAWMAN_Bull,6.0,85.0,Bear
159,2021-12-28 05:00:00,1640660400000,49775.31,49889.58,49500.0,49828.06,1863.06312,1640663999999,0,0,0,0,0,0,0,0,0,0,0,0,0,0,0,0,0,0,0,0,0,0,0,0,0,0,0,85,0,0,0,0,0,0,0,0,0,0,0,0,0,0,0,0,0,0,0,69,0,0,0,0,0,0,0,0,CDLSPINNINGTOP_Bull,2.0,154.0,Bull
160,2021-12-28 06:00:00,1640664000000,49828.07,49828.07,48657.12,49054.47,4642.00877,1640667599999,0,0,0,0,0,0,0,0,0,-63,0,0,0,0,0,0,0,-91,0,0,0,0,0,0,0,0,0,0,0,0,0,0,0,0,0,0,0,0,0,0,0,0,0,0,0,0,0,0,0,0,0,0,0,0,0,0,CDLBELTHOLD_Bear,2.0,-154.0,Bear
161,2021-12-28 07:00:00,1640667600000,49050.58,49243.73,48950.0,49200.9,1407.13684,1640671199999,0,0,0,0,0,0,0,0,0,0,0,0,0,0,0,0,0,0,0,0,0,0,0,0,0,0,0,0,0,0,0,0,0,0,0,0,0,0,0,0,0,0,0,0,0,0,0,0,0,0,0,0,0,0,0,0,NO_PATTERN,0.0,0.0,No
162,2021-12-28 08:00:00,1640671200000,49200.9,49343.98,49096.67,49218.49,1104.01703,1640674799999,0,0,0,0,0,0,0,0,0,0,0,0,0,0,104,0,0,0,0,0,0,0,0,0,0,0,67,-83,0,0,0,0,0,0,0,37,0,0,0,0,0,0,0,35,0,0,0,69,0,0,0,0,0,0,0,0,CDLRICKSHAWMAN_Bull,6.0,229.0,Bull
163,2021-12-28 09:00:00,1640674800000,49218.49,49366.0,49037.23,49227.13,1009.49151,1640678399999,0,0,0,0,0,0,0,0,0,0,0,0,0,0,104,0,0,0,0,0,0,0,0,0,0,0,67,0,0,0,0,0,0,0,0,37,0,0,0,0,0,0,0,35,0,0,0,69,0,0,0,0,0,0,0,0,CDLRICKSHAWMAN_Bull,5.0,312.0,Bull
164,2021-12-28 10:00:00,1640678400000,49227.14,49440.05,49113.7,49377.69,1350.82236,1640681999999,0,0,0,0,0,0,0,0,0,0,0,0,0,0,0,0,0,0,0,0,0,0,0,0,0,0,0,0,0,0,0,0,0,0,0,0,0,0,0,0,0,0,0,0,0,0,0,0,0,0,0,0,0,0,0,0,NO_PATTERN,0.0,0.0,No
165,2021-12-28 11:00:00,1640682000000,49377.69,49444.46,49000.0,49027.44,1526.39111,1640685599999,0,0,0,0,0,0,0,0,0,0,0,-43,0,0,0,0,0,0,0,0,0,0,0,0,0,0,0,0,0,0,0,0,0,0,0,0,0,0,0,0,0,0,0,0,0,0,0,0,0,0,0,0,0,0,0,0,CDLCLOSINGMARUBOZU_Bear,1.0,-43.0,Bear
166,2021-12-28 12:00:00,1640685600000,49027.44,49172.49,48755.32,49034.57,3495.57867,1640689199999,0,0,0,0,0,0,0,0,0,0,0,0,0,0,104,0,0,0,0,0,0,0,0,0,0,0,67,0,0,0,0,0,0,0,0,37,0,0,0,0,0,0,0,35,0,0,0,69,0,0,0,0,0,0,0,0,CDLRICKSHAWMAN_Bull,5.0,312.0,Bull
167,2021-12-28 13:00:00,1640689200000,49034.56,49240.08,48897.22,49200.02,1174.63047,1640692799999,0,0,0,0,0,0,0,0,0,0,0,0,0,0,0,0,0,0,0,0,0,0,0,0,0,0,0,0,0,0,0,0,0,0,0,0,0,0,0,0,0,0,0,0,0,0,0,0,0,0,0,0,0,0,0,0,NO_PATTERN,0.0,0.0,No
