,open_time,o,h,l,c,v,close_time
2021-12-21 14:00:00,1640088000000,48866.92000000,48902.00000000,48801.17000000,48897.31000000,290.31034000,1640088899999
2021-12-21 14:15:00,1640088900000,48897.32000000,49200.00000000,48860.88000000,49090.83000000,1034.91342000,1640089799999
2021-12-21 14:30:00,1640089800000,49090.83000000,49328.96000000,49016.13000000,49082.20000000,860.10646000,1640090699999
2021-12-21 14:45:00,1640090700000,49082.19000000,49138.89000000,48641.35000000,48735.49000000,889.01835000,1640091599999
2021-12-21 15:00:00,1640091600000,48735.49000000,48830.43000000,48575.09000000,48649.99000000,540.33222000,1640092499999
2021-12-21 15:15:00,1640092500000,48649.99000000,48865.62000000,48600.99000000,48821.35000000,368.17537000,1640093399999
2021-12-21 15:30:00,1640093400000,48821.35000000,48970.88000000,48761.77000000,48852.20000000,362.57070000,1640094299999
2021-12-21 15:45:00,1640094300000,48852.21000000,48956.04000000,48774.81000000,48909.49000000,292.92606000,1640095199999
2021-12-21 16:00:00,1640095200000,48909.49000000,48966.20000000,48825.74000000,48853.61000000,300.42901000,1640096099999
2021-12-21 16:15:00,1640096100000,48853.62000000,48861.71000000,48616.52000000,48663.23000000,401.00051000,1640096999999
2021-12-21 16:30:00,1640097000000,48663.24000000,48906.57000000,48661.09000000,48767.61000000,342.12898000,1640097899999
2021-12-21 16:45:00,1640097900000,48767.61000000,48774.44000000,48520.00000000,48624.01000000,409.64474000,1640098799999
2021-12-21 17:00:00,1640098800000,48624.01000000,48718.22000000,48569.81000000,48649.49000000,362.10936000,1640099699999
2021-12-21 17:15:00,1640099700000,48649.50000000,48788.87000000,48431.25000000,48457.41000000,453.09378000,1640100599999
2021-12-21 17:30:00,1640100600000,48457.42000000,48534.80000000,48265.24000000,48443.88000000,928.07653000,1640101499999
2021-12-21 17:45:00,1640101500000,48446.63000000,48546.20000000,48400.05000000,48418.49000000,465.80639000,1640102399999
2021-12-21 18:00:00,1640102400000,48418.48000000,48657.63000000,48381.57000000,48613.91000000,463.31419000,1640103299999
2021-12-21 18:15:00,1640103300000,48613.91000000,48614.01000000,48456.19000000,48524.15000000,264.08309000,1640104199999
2021-12-21 18:30:00,1640104200000,48524.15000000,48720.31000000,48476.33000000,48674.01000000,204.34222000,1640105099999
2021-12-21 18:45:00,1640105100000,48674.02000000,48746.97000000,48615.11000000,48685.19000000,205.42985000,1640105999999
2021-12-21 19:00:00,1640106000000,48685.18000000,48807.52000000,48621.35000000,48722.99000000,231.28101000,1640106899999
2021-12-21 19:15:00,1640106900000,48723.00000000,48876.94000000,48654.68000000,48657.13000000,272.91964000,1640107799999
2021-12-21 19:30:00,1640107800000,48657.12000000,48726.22000000,48628.07000000,48662.18000000,132.44930000,1640108699999
2021-12-21 19:45:00,1640108700000,48662.17000000,48668.47000000,48570.32000000,48655.17000000,302.00990000,1640109599999
2021-12-21 20:00:00,1640109600000,48655.16000000,48684.93000000,48577.67000000,48591.73000000,372.81526000,1640110499999
2021-12-21 20:15:00,1640110500000,48591.73000000,48619.82000000,48490.28000000,48539.46000000,171.16396000,1640111399999
2021-12-21 20:30:00,1640111400000,48544.00000000,48600.00000000,48530.00000000,48571.99000000,117.83980000,1640112299999
2021-12-21 20:45:00,1640112300000,48572.00000000,48606.63000000,48402.00000000,48441.51000000,301.20854000,1640113199999
2021-12-21 21:00:00,1640113200000,48441.51000000,48550.00000000,48427.72000000,48534.52000000,166.07970000,1640114099999
2021-12-21 21:15:00,1640114100000,48534.51000000,48576.14000000,48515.35000000,48541.91000000,158.58443000,1640114999999
2021-12-21 21:30:00,1640115000000,48541.90000000,48559.00000000,48352.12000000,48358.23000000,207.87140000,1640115899999
2021-12-21 21:45:00,1640115900000,48358.24000000,48660.92000000,48332.50000000,48619.79000000,330.79935000,1640116799999
2021-12-21 22:00:00,1640116800000,48619.80000000,48791.95000000,48577.67000000,48703.93000000,279.71251000,1640117699999
2021-12-21 22:15:00,1640117700000,48703.93000000,48716.30000000,48487.32000000,48534.54000000,176.54317000,1640118599999
2021-12-21 22:30:00,1640118600000,48534.54000000,48567.65000000,48475.04000000,48502.16000000,203.21204000,1640119499999
2021-12-21 22:45:00,1640119500000,48502.15000000,48682.32000000,48461.47000000,48608.95000000,154.03536000,1640120399999
2021-12-21 23:00:00,1640120400000,48608.94000000,48702.47000000,48528.89000000,48680.82000000,190.74324000,1640121299999
2021-12-21 23:15:00,1640121300000,48680.81000000,48775.70000000,48654.73000000,48770.05000000,232.20330000,1640122199999
2021-12-21 23:30:00,1640122200000,48770.06000000,49177.00000000,48732.68000000,49161.82000000,520.03499000,1640123099999
2021-12-21 23:45:00,1640123100000,49161.82000000,49172.92000000,48900.28000000,49084.25000000,417.58097000,1640123999999
2021-12-22 00:00:00,1640124000000,49084.24000000,49085.95000000,48966.98000000,48998.00000000,188.47134000,1640124899999
2021-12-22 00:15:00,1640124900000,48998.00000000,49070.60000000,48952.74000000,48990.00000000,144.62783000,1640125799999
2021-12-22 00:30:00,1640125800000,48990.01000000,49110.89000000,48943.61000000,49055.00000000,183.67903000,1640126699999
2021-12-22 00:45:00,1640126700000,49055.00000000,49287.93000000,49034.12000000,49287.92000000,356.72199000,1640127599999
2021-12-22 01:00:00,1640127600000,49287.92000000,49287.93000000,49102.00000000,49115.21000000,284.75019000,1640128499999
2021-12-22 01:15:00,1640128500000,49115.22000000,49212.81000000,49031.66000000,49200.79000000,212.03738000,1640129399999
2021-12-22 01:30:00,1640129400000,49200.79000000,49249.70000000,49067.31000000,49073.53000000,231.89944000,1640130299999
2021-12-22 01:45:00,1640130300000,49073.53000000,49076.41000000,48840.01000000,48889.88000000,291.64889000,1640131199999
2021-12-22 02:00:00,1640131200000,48887.59000000,48992.50000000,48762.33000000,48899.99000000,356.82488000,1640132099999
2021-12-22 02:15:00,1640132100000,48899.99000000,48963.65000000,48899.99000000,48930.01000000,197.94016000,1640132999999
2021-12-22 02:30:00,1640133000000,48930.00000000,48957.03000000,48850.83000000,48862.25000000,181.83053000,1640133899999
2021-12-22 02:45:00,1640133900000,48862.25000000,48888.00000000,48630.01000000,48644.13000000,290.76620000,1640134799999
2021-12-22 03:00:00,1640134800000,48644.12000000,48698.49000000,48600.00000000,48676.59000000,204.24316000,1640135699999
2021-12-22 03:15:00,1640135700000,48676.59000000,48847.14000000,48676.58000000,48837.39000000,176.88351000,1640136599999
2021-12-22 03:30:00,1640136600000,48837.39000000,48845.38000000,48712.85000000,48754.88000000,138.51168000,1640137499999
2021-12-22 03:45:00,1640137500000,48754.87000000,48832.33000000,48727.54000000,48818.89000000,223.28991000,1640138399999
2021-12-22 04:00:00,1640138400000,48818.90000000,49048.19000000,48727.47000000,48996.98000000,287.48129000,1640139299999
2021-12-22 04:15:00,1640139300000,48996.97000000,49270.00000000,48975.01000000,49236.05000000,445.27826000,1640140199999
2021-12-22 04:30:00,1640140200000,49236.05000000,49576.13000000,49229.36000000,49444.43000000,939.97898000,1640141099999
2021-12-22 04:45:00,1640141100000,49444.44000000,49546.72000000,49310.00000000,49326.50000000,315.22903000,1640141999999
2021-12-22 05:00:00,1640142000000,49327.24000000,49446.35000000,49211.03000000,49240.18000000,269.64683000,1640142899999
2021-12-22 05:15:00,1640142900000,49240.18000000,49358.50000000,49240.18000000,49258.54000000,221.67529000,1640143799999
2021-12-22 05:30:00,1640143800000,49258.54000000,49330.00000000,49250.00000000,49324.99000000,140.13409000,1640144699999
2021-12-22 05:45:00,1640144700000,49324.99000000,49390.02000000,49141.15000000,49249.00000000,261.36432000,1640145599999
2021-12-22 06:00:00,1640145600000,49249.00000000,49347.90000000,49081.78000000,49233.77000000,463.74585000,1640146499999
2021-12-22 06:15:00,1640146500000,49233.76000000,49299.23000000,49178.57000000,49278.46000000,175.69199000,1640147399999
2021-12-22 06:30:00,1640147400000,49278.46000000,49320.00000000,49201.00000000,49280.00000000,194.87082000,1640148299999
2021-12-22 06:45:00,1640148300000,49279.99000000,49324.99000000,49239.99000000,49312.40000000,191.96931000,1640149199999
2021-12-22 07:00:00,1640149200000,49312.40000000,49331.90000000,49180.01000000,49185.69000000,174.93303000,1640150099999
2021-12-22 07:15:00,1640150100000,49185.68000000,49216.60000000,49047.54000000,49058.46000000,234.92209000,1640150999999
2021-12-22 07:30:00,1640151000000,49058.45000000,49079.82000000,49007.48000000,49076.94000000,201.88322000,1640151899999
2021-12-22 07:45:00,1640151900000,49076.94000000,49084.90000000,48914.07000000,48964.88000000,336.61878000,1640152799999
2021-12-22 08:00:00,1640152800000,48964.87000000,49072.29000000,48922.33000000,49061.51000000,249.45731000,1640153699999
2021-12-22 08:15:00,1640153700000,49061.50000000,49134.74000000,49032.00000000,49120.46000000,167.39164000,1640154599999
2021-12-22 08:30:00,1640154600000,49120.46000000,49230.55000000,49120.46000000,49209.99000000,300.94575000,1640155499999
2021-12-22 08:45:00,1640155500000,49209.99000000,49211.00000000,49054.09000000,49057.21000000,149.73884000,1640156399999
2021-12-22 09:00:00,1640156400000,49057.22000000,49225.67000000,49055.74000000,49211.94000000,163.69371000,1640157299999
2021-12-22 09:15:00,1640157300000,49211.94000000,49288.95000000,49170.07000000,49207.35000000,212.47840000,1640158199999
2021-12-22 09:30:00,1640158200000,49207.36000000,49256.34000000,49153.92000000,49223.21000000,215.41606000,1640159099999
2021-12-22 09:45:00,1640159100000,49223.21000000,49300.00000000,49182.16000000,49206.42000000,205.09217000,1640159999999
2021-12-22 10:00:00,1640160000000,49206.43000000,49260.11000000,49099.54000000,49230.64000000,397.65191000,1640160899999
2021-12-22 10:15:00,1640160900000,49230.64000000,49490.00000000,49207.00000000,49370.79000000,403.08880000,1640161799999
2021-12-22 10:30:00,1640161800000,49370.78000000,49535.00000000,49233.95000000,49460.52000000,485.11074000,1640162699999
2021-12-22 10:45:00,1640162700000,49460.52000000,49488.85000000,49258.01000000,49258.01000000,287.55484000,1640163599999
2021-12-22 11:00:00,1640163600000,49260.22000000,49325.00000000,49250.71000000,49312.40000000,210.92535000,1640164499999
2021-12-22 11:15:00,1640164500000,49315.33000000,49315.34000000,49143.10000000,49146.83000000,247.43395000,1640165399999
2021-12-22 11:30:00,1640165400000,49146.84000000,49173.15000000,48867.00000000,48987.67000000,501.14641000,1640166299999
2021-12-22 11:45:00,1640166300000,48987.68000000,49000.00000000,48830.29000000,48941.35000000,452.48346000,1640167199999
2021-12-22 12:00:00,1640167200000,48941.35000000,49103.36000000,48862.74000000,49084.01000000,300.31307000,1640168099999
2021-12-22 12:15:00,1640168100000,49084.00000000,49100.00000000,49017.66000000,49029.14000000,189.77359000,1640168999999
2021-12-22 12:30:00,1640169000000,49029.15000000,49056.80000000,48937.99000000,49016.13000000,210.96615000,1640169899999
2021-12-22 12:45:00,1640169900000,49016.13000000,49150.00000000,49016.12000000,49084.17000000,204.71677000,1640170799999
2021-12-22 13:00:00,1640170800000,49084.17000000,49234.69000000,49076.93000000,49196.21000000,287.05419000,1640171699999
2021-12-22 13:15:00,1640171700000,49196.22000000,49226.45000000,49016.70000000,49028.80000000,220.96132000,1640172599999
2021-12-22 13:30:00,1640172600000,49028.81000000,49089.98000000,48977.00000000,48983.80000000,298.55532000,1640173499999
2021-12-22 13:45:00,1640173500000,48983.80000000,49011.22000000,48891.63000000,48981.99000000,255.49072000,1640174399999
2021-12-22 14:00:00,1640174400000,48981.98000000,49123.62000000,48978.98000000,49121.69000000,250.72101000,1640175299999
2021-12-22 14:15:00,1640175300000,49119.01000000,49123.59000000,48687.00000000,48808.87000000,605.69623000,1640176199999
2021-12-22 14:30:00,1640176200000,48808.86000000,48829.97000000,48622.55000000,48730.00000000,549.05055000,1640177099999
2021-12-22 14:45:00,1640177100000,48730.00000000,48797.53000000,48512.00000000,48578.37000000,612.94964000,1640177999999
2021-12-22 15:00:00,1640178000000,48578.36000000,48790.95000000,48567.09000000,48669.41000000,308.69401000,1640178899999
2021-12-22 15:15:00,1640178900000,48669.40000000,48708.27000000,48448.98000000,48492.89000000,444.94184000,1640179799999
2021-12-22 15:30:00,1640179800000,48492.88000000,48589.21000000,48421.87000000,48506.32000000,310.62258000,1640180699999
2021-12-22 15:45:00,1640180700000,48506.31000000,48610.00000000,48443.77000000,48560.00000000,373.30750000,1640181599999
2021-12-22 16:00:00,1640181600000,48560.00000000,48752.30000000,48521.18000000,48685.17000000,330.15637000,1640182499999
2021-12-22 16:15:00,1640182500000,48685.17000000,48783.99000000,48650.00000000,48766.00000000,264.83968000,1640183399999
2021-12-22 16:30:00,1640183400000,48766.00000000,48865.37000000,48637.73000000,48850.95000000,298.90229000,1640184299999
2021-12-22 16:45:00,1640184300000,48850.95000000,48949.99000000,48770.05000000,48805.05000000,352.46519000,1640185199999
2021-12-22 17:00:00,1640185200000,48805.04000000,48865.18000000,48700.90000000,48735.01000000,252.00000000,1640186099999
2021-12-22 17:15:00,1640186100000,48735.02000000,48848.18000000,48632.00000000,48633.40000000,217.25702000,1640186999999
2021-12-22 17:30:00,1640187000000,48632.57000000,48899.00000000,48624.15000000,48828.92000000,281.56291000,1640187899999
2021-12-22 17:45:00,1640187900000,48828.02000000,48906.76000000,48781.62000000,48879.28000000,260.35963000,1640188799999
2021-12-22 18:00:00,1640188800000,48879.28000000,49245.81000000,48757.82000000,49131.80000000,590.51594000,1640189699999
2021-12-22 18:15:00,1640189700000,49131.79000000,49199.99000000,48920.01000000,48997.53000000,315.14293000,1640190599999
2021-12-22 18:30:00,1640190600000,48992.46000000,49079.98000000,48950.00000000,48964.83000000,221.92581000,1640191499999
2021-12-22 18:45:00,1640191500000,48964.83000000,49000.00000000,48858.88000000,48998.00000000,172.86795000,1640192399999
2021-12-22 19:00:00,1640192400000,48998.00000000,49100.00000000,48863.44000000,48898.41000000,262.82653000,1640193299999
2021-12-22 19:15:00,1640193300000,48898.41000000,48978.79000000,48810.87000000,48848.00000000,189.63285000,1640194199999
2021-12-22 19:30:00,1640194200000,48848.00000000,48893.77000000,48713.50000000,48720.00000000,284.41665000,1640195099999
2021-12-22 19:45:00,1640195100000,48719.99000000,48787.67000000,48689.65000000,48702.07000000,222.99609000,1640195999999
2021-12-22 20:00:00,1640196000000,48702.07000000,48810.84000000,48659.99000000,48789.98000000,208.80474000,1640196899999
2021-12-22 20:15:00,1640196900000,48789.98000000,48846.42000000,48739.70000000,48829.77000000,142.55670000,1640197799999
2021-12-22 20:30:00,1640197800000,48829.77000000,48843.88000000,48565.28000000,48602.83000000,311.59122000,1640198699999
2021-12-22 20:45:00,1640198700000,48602.83000000,48727.28000000,48524.98000000,48576.02000000,223.60882000,1640199599999
2021-12-22 21:00:00,1640199600000,48576.02000000,48723.59000000,48506.01000000,48723.59000000,247.41984000,1640200499999
2021-12-22 21:15:00,1640200500000,48722.27000000,48780.00000000,48690.01000000,48742.99000000,170.66795000,1640201399999
2021-12-22 21:30:00,1640201400000,48743.00000000,48930.00000000,48742.99000000,48898.99000000,211.06748000,1640202299999
2021-12-22 21:45:00,1640202300000,48898.99000000,48950.00000000,48818.83000000,48931.99000000,170.32688000,1640203199999
2021-12-22 22:00:00,1640203200000,48931.99000000,48998.23000000,48860.47000000,48985.62000000,213.35716000,1640204099999
2021-12-22 22:15:00,1640204100000,48985.62000000,48990.73000000,48924.21000000,48924.22000000,178.73714000,1640204999999
2021-12-22 22:30:00,1640205000000,48924.21000000,48998.05000000,48912.44000000,48978.55000000,150.62689000,1640205899999
2021-12-22 22:45:00,1640205900000,48979.22000000,49144.99000000,48900.22000000,48974.34000000,767.26782000,1640206799999
2021-12-22 23:00:00,1640206800000,48974.33000000,48980.93000000,48836.72000000,48889.99000000,259.76799000,1640207699999
2021-12-22 23:15:00,1640207700000,48889.99000000,49003.11000000,48875.78000000,48984.32000000,182.63641000,1640208599999
2021-12-22 23:30:00,1640208600000,48984.32000000,49000.00000000,48901.84000000,48993.94000000,252.41766000,1640209499999
2021-12-22 23:45:00,1640209500000,48993.94000000,49139.97000000,48984.09000000,49048.84000000,199.64444000,1640210399999
2021-12-23 00:00:00,1640210400000,49048.83000000,49084.45000000,48860.02000000,48899.74000000,228.04419000,1640211299999
2021-12-23 00:15:00,1640211300000,48899.74000000,48949.95000000,48788.49000000,48891.13000000,173.40046000,1640212199999
2021-12-23 00:30:00,1640212200000,48891.14000000,48942.00000000,48859.75000000,48877.59000000,103.58045000,1640213099999
2021-12-23 00:45:00,1640213100000,48877.58000000,49073.90000000,48870.99000000,48977.21000000,205.44779000,1640213999999
2021-12-23 01:00:00,1640214000000,48977.21000000,48995.89000000,48709.42000000,48752.99000000,323.17121000,1640214899999
2021-12-23 01:15:00,1640214900000,48752.99000000,48808.11000000,48564.05000000,48787.53000000,396.81825000,1640215799999
2021-12-23 01:30:00,1640215800000,48787.52000000,48793.75000000,48555.00000000,48555.76000000,279.23884000,1640216699999
2021-12-23 01:45:00,1640216700000,48555.77000000,48680.91000000,48555.76000000,48588.16000000,186.99699000,1640217599999
2021-12-23 02:00:00,1640217600000,48588.17000000,48673.13000000,48288.00000000,48399.15000000,614.12503000,1640218499999
2021-12-23 02:15:00,1640218500000,48399.15000000,48448.50000000,48126.97000000,48223.48000000,719.13989000,1640219399999
2021-12-23 02:30:00,1640219400000,48223.48000000,48341.56000000,47920.42000000,48300.55000000,746.56863000,1640220299999
2021-12-23 02:45:00,1640220300000,48300.55000000,48361.08000000,48213.13000000,48290.00000000,249.84333000,1640221199999
2021-12-23 03:00:00,1640221200000,48289.99000000,48386.54000000,48200.00000000,48250.00000000,251.59866000,1640222099999
2021-12-23 03:15:00,1640222100000,48250.00000000,48318.63000000,48069.51000000,48307.40000000,219.12822000,1640222999999
2021-12-23 03:30:00,1640223000000,48307.40000000,48385.61000000,48296.99000000,48367.65000000,212.24463000,1640223899999
2021-12-23 03:45:00,1640223900000,48367.65000000,48490.22000000,48364.95000000,48469.14000000,245.00369000,1640224799999
2021-12-23 04:00:00,1640224800000,48469.13000000,48666.66000000,48361.30000000,48612.04000000,432.90087000,1640225699999
2021-12-23 04:15:00,1640225700000,48612.03000000,48731.71000000,48555.55000000,48632.31000000,365.25056000,1640226599999
2021-12-23 04:30:00,1640226600000,48632.32000000,48716.47000000,48583.57000000,48586.84000000,219.79896000,1640227499999
2021-12-23 04:45:00,1640227500000,48586.85000000,48586.85000000,48321.09000000,48355.40000000,292.58778000,1640228399999
2021-12-23 05:00:00,1640228400000,48355.39000000,48432.22000000,48251.82000000,48251.84000000,253.35879000,1640229299999
2021-12-23 05:15:00,1640229300000,48251.84000000,48358.95000000,48208.25000000,48354.11000000,182.84407000,1640230199999
2021-12-23 05:30:00,1640230200000,48354.11000000,48436.09000000,48330.32000000,48391.03000000,137.05189000,1640231099999
2021-12-23 05:45:00,1640231100000,48391.04000000,48555.00000000,48391.03000000,48524.11000000,222.69346000,1640231999999
2021-12-23 06:00:00,1640232000000,48524.11000000,48560.41000000,48451.98000000,48475.05000000,148.66383000,1640232899999
2021-12-23 06:15:00,1640232900000,48471.09000000,48584.71000000,48455.89000000,48546.45000000,171.49293000,1640233799999
2021-12-23 06:30:00,1640233800000,48546.44000000,48557.00000000,48503.00000000,48530.00000000,104.72859000,1640234699999
2021-12-23 06:45:00,1640234700000,48530.00000000,48535.70000000,48295.51000000,48362.41000000,191.25995000,1640235599999
2021-12-23 07:00:00,1640235600000,48362.41000000,48567.10000000,48359.42000000,48538.03000000,152.88062000,1640236499999
2021-12-23 07:15:00,1640236500000,48538.03000000,48559.99000000,48400.47000000,48437.17000000,184.43129000,1640237399999
2021-12-23 07:30:00,1640237400000,48437.16000000,48503.82000000,48252.27000000,48272.22000000,173.27786000,1640238299999
2021-12-23 07:45:00,1640238300000,48272.21000000,48399.00000000,48200.00000000,48384.52000000,256.71736000,1640239199999
2021-12-23 08:00:00,1640239200000,48384.53000000,48433.07000000,48302.50000000,48425.31000000,218.22202000,1640240099999
2021-12-23 08:15:00,1640240100000,48425.31000000,48467.53000000,48374.49000000,48438.63000000,211.15719000,1640240999999
2021-12-23 08:30:00,1640241000000,48438.62000000,48480.39000000,48281.13000000,48303.11000000,160.72387000,1640241899999
2021-12-23 08:45:00,1640241900000,48303.11000000,48499.55000000,48265.71000000,48468.92000000,243.96947000,1640242799999
2021-12-23 09:00:00,1640242800000,48468.93000000,48500.00000000,48427.43000000,48433.27000000,205.77714000,1640243699999
2021-12-23 09:15:00,1640243700000,48433.27000000,48484.44000000,48384.06000000,48464.11000000,132.01122000,1640244599999
2021-12-23 09:30:00,1640244600000,48464.11000000,48464.11000000,48241.23000000,48306.96000000,198.78496000,1640245499999
2021-12-23 09:45:00,1640245500000,48306.96000000,48317.52000000,48031.45000000,48129.60000000,612.13529000,1640246399999
2021-12-23 10:00:00,1640246400000,48129.61000000,48261.62000000,48060.00000000,48245.22000000,391.47412000,1640247299999
2021-12-23 10:15:00,1640247300000,48245.23000000,48296.07000000,48130.10000000,48229.34000000,169.11098000,1640248199999
2021-12-23 10:30:00,1640248200000,48229.34000000,48332.01000000,48219.79000000,48289.75000000,247.62095000,1640249099999
2021-12-23 10:45:00,1640249100000,48289.74000000,48363.00000000,48246.34000000,48339.90000000,190.58526000,1640249999999
2021-12-23 11:00:00,1640250000000,48339.91000000,48385.00000000,48259.16000000,48303.95000000,191.78867000,1640250899999
2021-12-23 11:15:00,1640250900000,48306.80000000,48334.19000000,48213.10000000,48281.42000000,194.30454000,1640251799999
2021-12-23 11:30:00,1640251800000,48280.19000000,48350.00000000,48149.00000000,48346.49000000,240.89173000,1640252699999
2021-12-23 11:45:00,1640252700000,48346.49000000,48424.97000000,48217.53000000,48376.94000000,254.72252000,1640253599999
2021-12-23 12:00:00,1640253600000,48376.94000000,48417.70000000,48243.00000000,48252.81000000,214.58310000,1640254499999
2021-12-23 12:15:00,1640254500000,48252.82000000,48346.12000000,48211.62000000,48343.84000000,170.80882000,1640255399999
2021-12-23 12:30:00,1640255400000,48343.85000000,48349.00000000,48250.00000000,48316.55000000,159.08529000,1640256299999
2021-12-23 12:45:00,1640256300000,48316.54000000,48450.00000000,48316.00000000,48434.53000000,262.58968000,1640257199999
2021-12-23 13:00:00,1640257200000,48434.53000000,48541.86000000,48407.59000000,48460.20000000,436.10766000,1640258099999
2021-12-23 13:15:00,1640258100000,48460.21000000,48469.72000000,48331.05000000,48344.48000000,235.53549000,1640258999999
2021-12-23 13:30:00,1640259000000,48344.49000000,48344.49000000,48227.98000000,48260.39000000,273.18092000,1640259899999
2021-12-23 13:45:00,1640259900000,48260.38000000,48448.28000000,48255.52000000,48354.77000000,240.58067000,1640260799999
2021-12-23 14:00:00,1640260800000,48354.76000000,48500.00000000,48354.76000000,48448.00000000,259.27414000,1640261699999
2021-12-23 14:15:00,1640261700000,48448.01000000,48487.55000000,48323.98000000,48483.43000000,182.37138000,1640262599999
2021-12-23 14:30:00,1640262600000,48483.42000000,48709.55000000,48435.45000000,48672.03000000,435.37718000,1640263499999
2021-12-23 14:45:00,1640263500000,48672.03000000,48838.63000000,48585.66000000,48616.93000000,372.90012000,1640264399999
2021-12-23 15:00:00,1640264400000,48616.94000000,48859.61000000,48615.12000000,48685.35000000,415.62181000,1640265299999
2021-12-23 15:15:00,1640265300000,48685.36000000,48805.13000000,48678.85000000,48786.72000000,300.05401000,1640266199999
2021-12-23 15:30:00,1640266200000,48786.72000000,48842.08000000,48710.00000000,48710.01000000,393.42584000,1640267099999
2021-12-23 15:45:00,1640267100000,48710.01000000,48759.41000000,48584.43000000,48614.97000000,275.51147000,1640267999999
2021-12-23 16:00:00,1640268000000,48614.96000000,48700.00000000,48584.25000000,48666.84000000,203.40297000,1640268899999
2021-12-23 16:15:00,1640268900000,48666.84000000,48688.23000000,48500.00000000,48572.48000000,282.40353000,1640269799999
2021-12-23 16:30:00,1640269800000,48572.48000000,48629.27000000,48529.99000000,48559.37000000,268.11120000,1640270699999
2021-12-23 16:45:00,1640270700000,48559.37000000,48622.56000000,48464.00000000,48599.23000000,243.90495000,1640271599999
2021-12-23 17:00:00,1640271600000,48599.24000000,48717.34000000,48578.15000000,48693.34000000,215.87304000,1640272499999
2021-12-23 17:15:00,1640272500000,48693.34000000,48844.55000000,48667.68000000,48790.01000000,342.77895000,1640273399999
2021-12-23 17:30:00,1640273400000,48790.02000000,48846.99000000,48725.46000000,48757.72000000,197.31999000,1640274299999
2021-12-23 17:45:00,1640274300000,48757.73000000,48849.66000000,48712.05000000,48819.33000000,236.53674000,1640275199999
2021-12-23 18:00:00,1640275200000,48819.33000000,48996.98000000,48810.42000000,48855.00000000,606.32998000,1640276099999
2021-12-23 18:15:00,1640276100000,48854.99000000,48949.51000000,48741.79000000,48741.80000000,408.30673000,1640276999999
2021-12-23 18:30:00,1640277000000,48741.80000000,48839.66000000,48677.52000000,48839.31000000,336.15214000,1640277899999
2021-12-23 18:45:00,1640277900000,48839.31000000,49154.00000000,48836.79000000,49089.49000000,687.37317000,1640278799999
2021-12-23 19:00:00,1640278800000,49089.49000000,49194.60000000,49013.00000000,49145.26000000,322.19561000,1640279699999
2021-12-23 19:15:00,1640279700000,49145.27000000,49261.53000000,49078.71000000,49200.03000000,543.93155000,1640280599999
2021-12-23 19:30:00,1640280600000,49200.03000000,49882.00000000,49194.23000000,49770.02000000,1333.60798000,1640281499999
2021-12-23 19:45:00,1640281500000,49770.02000000,50166.00000000,49729.35000000,50060.01000000,1715.48514000,1640282399999
2021-12-23 20:00:00,1640282400000,50060.01000000,50450.00000000,50060.00000000,50372.55000000,1211.14414000,1640283299999
2021-12-23 20:15:00,1640283300000,50372.55000000,50763.39000000,50372.54000000,50723.59000000,1118.01535000,1640284199999
2021-12-23 20:30:00,1640284200000,50723.58000000,50776.98000000,50450.00000000,50496.85000000,923.45420000,1640285099999
2021-12-23 20:45:00,1640285100000,50496.86000000,50709.51000000,50450.00000000,50619.98000000,800.86971000,1640285999999
2021-12-23 21:00:00,1640286000000,50619.98000000,50663.04000000,50500.00000000,50620.81000000,336.32388000,1640286899999
2021-12-23 21:15:00,1640286900000,50620.80000000,50984.81000000,50615.82000000,50809.35000000,738.79885000,1640287799999
2021-12-23 21:30:00,1640287800000,50809.35000000,51235.56000000,50802.55000000,51145.68000000,887.15107000,1640288699999
2021-12-23 21:45:00,1640288700000,51145.68000000,51375.00000000,51071.83000000,51109.99000000,972.06932000,1640289599999
2021-12-23 22:00:00,1640289600000,51110.00000000,51209.30000000,50872.03000000,50992.38000000,771.53610000,1640290499999
2021-12-23 22:15:00,1640290500000,50986.26000000,51029.47000000,50718.66000000,50844.11000000,582.25663000,1640291399999
2021-12-23 22:30:00,1640291400000,50844.12000000,50950.00000000,50803.79000000,50941.03000000,188.96142000,1640292299999
2021-12-23 22:45:00,1640292300000,50941.03000000,51084.18000000,50890.20000000,50929.71000000,283.13628000,1640293199999
2021-12-23 23:00:00,1640293200000,50929.71000000,50980.99000000,50756.62000000,50806.04000000,239.27462000,1640294099999
2021-12-23 23:15:00,1640294100000,50806.03000000,50833.64000000,50622.75000000,50727.95000000,391.87643000,1640294999999
2021-12-23 23:30:00,1640295000000,50727.95000000,50867.60000000,50649.44000000,50776.83000000,455.93704000,1640295899999
2021-12-23 23:45:00,1640295900000,50776.84000000,50852.55000000,50736.39000000,50824.37000000,203.03868000,1640296799999
2021-12-24 00:00:00,1640296800000,50824.37000000,50867.55000000,50716.77000000,50755.61000000,223.65873000,1640297699999
2021-12-24 00:15:00,1640297700000,50755.61000000,50844.67000000,50706.45000000,50828.43000000,183.75157000,1640298599999
2021-12-24 00:30:00,1640298600000,50828.43000000,50899.99000000,50767.46000000,50856.03000000,193.81090000,1640299499999
2021-12-24 00:45:00,1640299500000,50856.03000000,50998.72000000,50753.49000000,50758.94000000,256.99081000,1640300399999
2021-12-24 01:00:00,1640300400000,50758.94000000,50851.11000000,50672.82000000,50682.79000000,261.30220000,1640301299999
2021-12-24 01:15:00,1640301300000,50682.79000000,50742.09000000,50620.81000000,50690.54000000,277.12116000,1640302199999
2021-12-24 01:30:00,1640302200000,50690.54000000,50695.60000000,50501.00000000,50640.10000000,285.80961000,1640303099999
2021-12-24 01:45:00,1640303100000,50640.10000000,50838.82000000,50640.10000000,50838.81000000,224.65969000,1640303999999
2021-12-24 02:00:00,1640304000000,50838.82000000,50881.15000000,50662.42000000,50687.66000000,355.17486000,1640304899999
2021-12-24 02:15:00,1640304900000,50690.02000000,50823.98000000,50644.48000000,50793.01000000,247.55315000,1640305799999
2021-12-24 02:30:00,1640305800000,50793.00000000,50874.62000000,50723.67000000,50786.38000000,287.20566000,1640306699999
2021-12-24 02:45:00,1640306700000,50786.37000000,50990.00000000,50757.28000000,50877.38000000,368.63704000,1640307599999
2021-12-24 03:00:00,1640307600000,50877.38000000,51252.36000000,50843.12000000,51161.02000000,569.04533000,1640308499999
2021-12-24 03:15:00,1640308500000,51161.01000000,51168.59000000,50951.00000000,51076.30000000,410.34574000,1640309399999
2021-12-24 03:30:00,1640309400000,51076.30000000,51328.97000000,51076.29000000,51261.77000000,1271.20171000,1640310299999
2021-12-24 03:45:00,1640310300000,51261.77000000,51375.00000000,51138.83000000,51350.01000000,786.58680000,1640311199999
2021-12-24 04:00:00,1640311200000,51350.01000000,51527.58000000,51200.00000000,51254.59000000,1073.35091000,1640312099999
2021-12-24 04:15:00,1640312100000,51254.59000000,51292.87000000,51159.46000000,51246.62000000,286.41291000,1640312999999
2021-12-24 04:30:00,1640313000000,51246.63000000,51259.17000000,51067.82000000,51067.83000000,513.35069000,1640313899999
2021-12-24 04:45:00,1640313900000,51067.83000000,51121.57000000,51015.55000000,51044.02000000,413.21570000,1640314799999
2021-12-24 05:00:00,1640314800000,51044.02000000,51072.83000000,50939.01000000,51072.56000000,513.21938000,1640315699999
2021-12-24 05:15:00,1640315700000,51072.56000000,51167.46000000,51003.64000000,51053.28000000,216.34426000,1640316599999
2021-12-24 05:30:00,1640316600000,51053.28000000,51062.93000000,51011.00000000,51041.07000000,166.08548000,1640317499999
2021-12-24 05:45:00,1640317500000,51041.07000000,51052.00000000,50851.02000000,51029.99000000,342.12543000,1640318399999
2021-12-24 06:00:00,1640318400000,51030.00000000,51098.68000000,50988.54000000,51087.48000000,250.65893000,1640319299999
2021-12-24 06:15:00,1640319300000,51087.48000000,51099.00000000,50971.18000000,51036.00000000,154.50084000,1640320199999
2021-12-24 06:30:00,1640320200000,51036.00000000,51080.68000000,51007.63000000,51007.63000000,75.33480000,1640321099999
2021-12-24 06:45:00,1640321100000,51067.97000000,51109.09000000,50926.55000000,50951.47000000,80.09802000,1640321994362
2021-12-24 07:00:00,1640322000000,50951.41000000,50975.55000000,50837.71000000,50966.01000000,213.01456000,1640322899999
2021-12-24 07:15:00,1640322900000,50966.01000000,51026.34000000,50828.99000000,50866.00000000,177.29321000,1640323799999
2021-12-24 07:30:00,1640323800000,50866.00000000,50981.00000000,50861.00000000,50960.38000000,157.83537000,1640324699999
2021-12-24 07:45:00,1640324700000,50960.39000000,51024.46000000,50935.96000000,51012.73000000,217.78152000,1640325599999
2021-12-24 08:00:00,1640325600000,51012.72000000,51012.73000000,50821.00000000,50868.34000000,248.71497000,1640326499999
2021-12-24 08:15:00,1640326500000,50868.33000000,50956.50000000,50736.11000000,50911.10000000,292.72535000,1640327399999
2021-12-24 08:30:00,1640327400000,50911.09000000,50954.14000000,50890.08000000,50929.48000000,224.00122000,1640328299999
2021-12-24 08:45:00,1640328300000,50929.48000000,50980.00000000,50831.36000000,50883.73000000,189.74996000,1640329199999
2021-12-24 09:00:00,1640329200000,50883.73000000,50985.43000000,50818.10000000,50985.42000000,214.27828000,1640330099999
2021-12-24 09:15:00,1640330100000,50985.42000000,51065.01000000,50941.83000000,51038.50000000,308.12886000,1640330999999
2021-12-24 09:30:00,1640331000000,51038.51000000,51076.98000000,50914.26000000,50927.39000000,229.73055000,1640331899999
2021-12-24 09:45:00,1640331900000,50927.38000000,51000.00000000,50914.27000000,50994.75000000,161.70508000,1640332799999
2021-12-24 10:00:00,1640332800000,50994.75000000,51086.33000000,50895.57000000,51070.69000000,288.74164000,1640333699999
2021-12-24 10:15:00,1640333700000,51070.69000000,51174.43000000,51050.00000000,51160.00000000,300.94091000,1640334599999
2021-12-24 10:30:00,1640334600000,51160.00000000,51198.00000000,51076.06000000,51100.00000000,193.61099000,1640335499999
2021-12-24 10:45:00,1640335500000,51100.00000000,51177.33000000,51050.29000000,51069.18000000,215.49519000,1640336399999
2021-12-24 11:00:00,1640336400000,51069.18000000,51139.90000000,51034.97000000,51125.04000000,178.33149000,1640337299999
2021-12-24 11:15:00,1640337300000,51125.05000000,51300.01000000,51112.85000000,51276.00000000,371.44596000,1640338199999
2021-12-24 11:30:00,1640338200000,51276.00000000,51290.80000000,51184.01000000,51201.88000000,191.77346000,1640339099999
2021-12-24 11:45:00,1640339100000,51201.88000000,51278.02000000,51181.02000000,51267.12000000,167.45163000,1640339999999
2021-12-24 12:00:00,1640340000000,51267.13000000,51271.63000000,51099.43000000,51130.00000000,289.13987000,1640340899999
2021-12-24 12:15:00,1640340900000,51129.99000000,51178.67000000,51075.01000000,51112.83000000,159.09336000,1640341799999
2021-12-24 12:30:00,1640341800000,51112.82000000,51216.79000000,51100.00000000,51199.08000000,141.86998000,1640342699999
2021-12-24 12:45:00,1640342700000,51199.08000000,51234.21000000,51053.96000000,51181.29000000,190.44697000,1640343599999
2021-12-24 13:00:00,1640343600000,51181.29000000,51277.99000000,51117.80000000,51273.01000000,159.04931000,1640344499999
2021-12-24 13:15:00,1640344500000,51273.00000000,51550.00000000,51212.96000000,51222.07000000,1310.06415000,1640345399999
2021-12-24 13:30:00,1640345400000,51222.00000000,51222.00000000,51051.28000000,51051.28000000,369.21367000,1640346299999
2021-12-24 13:45:00,1640346300000,51051.28000000,51107.48000000,50858.00000000,50993.88000000,374.09216000,1640347199999
2021-12-24 14:00:00,1640347200000,50993.89000000,51045.00000000,50823.39000000,50959.18000000,302.57091000,1640348099999
2021-12-24 14:15:00,1640348100000,50959.18000000,51084.41000000,50908.24000000,50926.95000000,314.97946000,1640348999999
2021-12-24 14:30:00,1640349000000,50924.60000000,50998.88000000,50858.39000000,50933.68000000,197.19286000,1640349899999
2021-12-24 14:45:00,1640349900000,50933.68000000,51077.23000000,50906.89000000,51026.21000000,167.44886000,1640350799999
2021-12-24 15:00:00,1640350800000,51026.21000000,51026.21000000,50870.60000000,50889.99000000,261.73866000,1640351699999
2021-12-24 15:15:00,1640351700000,50889.99000000,51060.99000000,50889.99000000,51019.03000000,227.96913000,1640352599999
2021-12-24 15:30:00,1640352600000,51019.02000000,51133.33000000,50903.14000000,51129.48000000,247.01366000,1640353499999
2021-12-24 15:45:00,1640353500000,51128.11000000,51171.74000000,51003.85000000,51040.49000000,235.14502000,1640354399999
2021-12-24 16:00:00,1640354400000,51040.49000000,51243.97000000,51000.01000000,51241.39000000,369.90869000,1640355299999
2021-12-24 16:15:00,1640355300000,51241.38000000,51244.22000000,51059.04000000,51095.05000000,260.07218000,1640356199999
2021-12-24 16:30:00,1640356200000,51095.04000000,51170.00000000,51060.41000000,51149.21000000,183.73342000,1640357099999
2021-12-24 16:45:00,1640357100000,51149.22000000,51189.99000000,50668.52000000,50760.99000000,653.11577000,1640357999999
2021-12-24 17:00:00,1640358000000,50760.99000000,50768.63000000,50384.43000000,50679.45000000,1155.02840000,1640358899999
2021-12-24 17:15:00,1640358900000,50679.45000000,50868.21000000,50638.83000000,50833.78000000,329.60750000,1640359799999
2021-12-24 17:30:00,1640359800000,50833.77000000,50864.78000000,50720.00000000,50780.01000000,239.46779000,1640360699999
2021-12-24 17:45:00,1640360700000,50780.01000000,50987.20000000,50721.92000000,50956.68000000,226.32767000,1640361599999
2021-12-24 18:00:00,1640361600000,50956.68000000,51220.00000000,50900.00000000,51163.66000000,516.69461000,1640362499999
2021-12-24 18:15:00,1640362500000,51163.67000000,51220.00000000,51025.01000000,51148.81000000,339.32864000,1640363399999
2021-12-24 18:30:00,1640363400000,51148.81000000,51169.49000000,50847.04000000,50858.94000000,436.98144000,1640364299999
2021-12-24 18:45:00,1640364300000,50858.93000000,50987.54000000,50826.08000000,50926.97000000,326.26856000,1640365199999
2021-12-24 19:00:00,1640365200000,50926.96000000,50981.12000000,50822.29000000,50873.00000000,149.20983000,1640366099999
2021-12-24 19:15:00,1640366100000,50872.99000000,50875.01000000,50735.87000000,50766.64000000,177.87163000,1640366999999
2021-12-24 19:30:00,1640367000000,50766.63000000,50935.26000000,50766.63000000,50910.00000000,137.02964000,1640367899999
2021-12-24 19:45:00,1640367900000,50909.99000000,51116.31000000,50890.00000000,51112.83000000,220.78721000,1640368799999
2021-12-24 20:00:00,1640368800000,51112.83000000,51200.00000000,51072.16000000,51144.19000000,248.11503000,1640369699999
2021-12-24 20:15:00,1640369700000,51144.18000000,51283.09000000,51084.54000000,51191.53000000,429.93005000,1640370599999
2021-12-24 20:30:00,1640370600000,51191.50000000,51389.00000000,51174.20000000,51374.99000000,392.50215000,1640371499999
2021-12-24 20:45:00,1640371500000,51374.99000000,51638.00000000,51321.35000000,51600.48000000,791.36494000,1640372399999
2021-12-24 21:00:00,1640372400000,51600.47000000,51810.00000000,51586.65000000,51700.01000000,645.77338000,1640373299999
2021-12-24 21:15:00,1640373300000,51700.01000000,51793.18000000,51400.00000000,51487.45000000,435.25256000,1640374199999
2021-12-24 21:30:00,1640374200000,51487.46000000,51517.05000000,51226.39000000,51280.22000000,367.56554000,1640375099999
2021-12-24 21:45:00,1640375100000,51280.23000000,51425.15000000,51083.58000000,51126.40000000,486.48008000,1640375999999
2021-12-24 22:00:00,1640376000000,51126.40000000,51140.87000000,50773.90000000,51129.33000000,930.57298000,1640376899999
2021-12-24 22:15:00,1640376900000,51129.33000000,51199.42000000,50941.53000000,51043.70000000,302.17499000,1640377799999
2021-12-24 22:30:00,1640377800000,51043.69000000,51188.82000000,50967.63000000,51182.42000000,263.27648000,1640378699999
2021-12-24 22:45:00,1640378700000,51182.42000000,51236.15000000,51050.00000000,51109.18000000,144.54646000,1640379599999
2021-12-24 23:00:00,1640379600000,51109.17000000,51134.32000000,51017.29000000,51017.29000000,128.89339000,1640380499999
2021-12-24 23:15:00,1640380500000,51017.30000000,51135.26000000,50950.00000000,51087.02000000,151.99437000,1640381399999
2021-12-24 23:30:00,1640381400000,51087.03000000,51116.57000000,50873.96000000,50881.25000000,151.07403000,1640382299999
2021-12-24 23:45:00,1640382300000,50881.25000000,51018.28000000,50847.84000000,50876.44000000,166.88865000,1640383199999
2021-12-25 00:00:00,1640383200000,50876.44000000,50903.22000000,50735.10000000,50738.50000000,263.26888000,1640384099999
2021-12-25 00:15:00,1640384100000,50738.51000000,50931.93000000,50651.31000000,50890.19000000,246.39524000,1640384999999
2021-12-25 00:30:00,1640385000000,50890.19000000,50955.53000000,50695.58000000,50707.43000000,170.64441000,1640385899999
2021-12-25 00:45:00,1640385900000,50707.43000000,50794.84000000,50570.16000000,50760.55000000,321.45302000,1640386799999
2021-12-25 01:00:00,1640386800000,50760.55000000,50797.47000000,50506.01000000,50562.17000000,317.71166000,1640387699999
2021-12-25 01:15:00,1640387700000,50562.16000000,50780.31000000,50500.00000000,50728.95000000,310.47569000,1640388599999
2021-12-25 01:30:00,1640388600000,50728.96000000,50890.01000000,50683.25000000,50854.36000000,185.49570000,1640389499999
2021-12-25 01:45:00,1640389500000,50854.36000000,50854.83000000,50606.87000000,50820.00000000,218.41032000,1640390399999
2021-12-25 02:00:00,1640390400000,50819.99000000,50903.54000000,50600.00000000,50847.11000000,239.84404000,1640391299999
2021-12-25 02:15:00,1640391300000,50847.10000000,50936.09000000,50820.92000000,50894.47000000,137.77959000,1640392199999
2021-12-25 02:30:00,1640392200000,50894.48000000,51036.75000000,50855.40000000,50929.70000000,242.55682000,1640393099999
2021-12-25 02:45:00,1640393100000,50929.69000000,51066.32000000,50929.69000000,51045.25000000,124.35426000,1640393999999
2021-12-25 03:00:00,1640394000000,51045.25000000,51090.00000000,51000.00000000,51041.85000000,167.14021000,1640394899999
2021-12-25 03:15:00,1640394900000,51041.84000000,51077.45000000,50941.23000000,50981.50000000,132.36042000,1640395799999
2021-12-25 03:30:00,1640395800000,50981.50000000,51005.51000000,50850.16000000,50851.39000000,144.34780000,1640396699999
2021-12-25 03:45:00,1640396700000,50851.39000000,50992.57000000,50850.00000000,50992.54000000,151.00318000,1640397599999
2021-12-25 04:00:00,1640397600000,50992.55000000,51048.70000000,50950.02000000,50987.25000000,158.51394000,1640398499999
2021-12-25 04:15:00,1640398500000,50987.26000000,51087.94000000,50987.25000000,51067.60000000,116.51845000,1640399399999
2021-12-25 04:30:00,1640399400000,51067.60000000,51131.25000000,50955.00000000,50962.21000000,121.98983000,1640400299999
2021-12-25 04:45:00,1640400300000,50962.21000000,50962.21000000,50768.42000000,50768.43000000,266.26189000,1640401199999
2021-12-25 05:00:00,1640401200000,50768.42000000,50878.22000000,50700.19000000,50858.03000000,224.21871000,1640402099999
2021-12-25 05:15:00,1640402100000,50858.03000000,50908.28000000,50810.12000000,50908.27000000,85.01097000,1640402999999
2021-12-25 05:30:00,1640403000000,50908.28000000,50932.49000000,50878.95000000,50923.74000000,93.88482000,1640403899999
2021-12-25 05:45:00,1640403900000,50923.73000000,50929.06000000,50800.00000000,50844.14000000,130.31682000,1640404799999
2021-12-25 06:00:00,1640404800000,50844.13000000,50983.15000000,50800.79000000,50975.79000000,147.85648000,1640405699999
2021-12-25 06:15:00,1640405700000,50975.78000000,51054.69000000,50920.51000000,50987.66000000,163.87131000,1640406599999
2021-12-25 06:30:00,1640406600000,50987.65000000,50987.66000000,50880.12000000,50885.90000000,123.22535000,1640407499999
2021-12-25 06:45:00,1640407500000,50885.89000000,50929.30000000,50827.25000000,50886.42000000,165.68040000,1640408399999
2021-12-25 07:00:00,1640408400000,50886.42000000,50985.83000000,50858.56000000,50954.60000000,126.74300000,1640409299999
2021-12-25 07:15:00,1640409300000,50954.60000000,51010.42000000,50954.59000000,50983.25000000,124.17285000,1640410199999
2021-12-25 07:30:00,1640410200000,50983.26000000,51007.32000000,50889.19000000,50918.95000000,137.35271000,1640411099999
2021-12-25 07:45:00,1640411100000,50918.94000000,50923.97000000,50866.83000000,50886.99000000,96.31494000,1640411999999
2021-12-25 08:00:00,1640412000000,50886.99000000,50887.02000000,50656.43000000,50661.29000000,221.82163000,1640412899999
2021-12-25 08:15:00,1640412900000,50661.29000000,50868.36000000,50661.10000000,50858.19000000,204.00067000,1640413799999
2021-12-25 08:30:00,1640413800000,50858.18000000,50986.23000000,50858.18000000,50972.71000000,115.74344000,1640414699999
2021-12-25 08:45:00,1640414700000,50972.71000000,50972.78000000,50893.12000000,50965.88000000,99.14185000,1640415599999
2021-12-25 09:00:00,1640415600000,50965.89000000,51037.40000000,50882.04000000,51033.98000000,206.17203000,1640416499999
2021-12-25 09:15:00,1640416500000,51033.98000000,51047.81000000,50971.04000000,51044.60000000,121.42493000,1640417399999
2021-12-25 09:30:00,1640417400000,51044.59000000,51084.13000000,50822.17000000,50830.60000000,195.94629000,1640418299999
2021-12-25 09:45:00,1640418300000,50830.61000000,50920.00000000,50824.23000000,50919.17000000,259.04617000,1640419199999
2021-12-25 10:00:00,1640419200000,50919.18000000,50968.57000000,50864.01000000,50864.02000000,227.45676000,1640420099999
2021-12-25 10:15:00,1640420100000,50864.02000000,50876.87000000,50789.00000000,50817.58000000,164.19612000,1640420999999
2021-12-25 10:30:00,1640421000000,50817.58000000,50859.00000000,50800.00000000,50830.01000000,116.51269000,1640421899999
2021-12-25 10:45:00,1640421900000,50826.25000000,50911.00000000,50800.40000000,50886.35000000,135.71516000,1640422799999
2021-12-25 11:00:00,1640422800000,50886.35000000,50908.44000000,50850.04000000,50904.15000000,126.94544000,1640423699999
2021-12-25 11:15:00,1640423700000,50904.14000000,51009.29000000,50894.00000000,50899.00000000,159.89896000,1640424599999
2021-12-25 11:30:00,1640424600000,50899.00000000,50928.67000000,50862.14000000,50885.14000000,115.30421000,1640425499999
2021-12-25 11:45:00,1640425500000,50885.14000000,50909.80000000,50802.00000000,50807.40000000,129.67029000,1640426399999
2021-12-25 12:00:00,1640426400000,50807.39000000,50841.37000000,50722.36000000,50832.84000000,174.64544000,1640427299999
2021-12-25 12:15:00,1640427300000,50832.85000000,50832.85000000,50695.67000000,50726.29000000,225.68426000,1640428199999
2021-12-25 12:30:00,1640428200000,50726.28000000,50742.89000000,50610.38000000,50686.06000000,212.31756000,1640429099999
2021-12-25 12:45:00,1640429100000,50686.06000000,50769.45000000,50555.00000000,50645.41000000,308.41626000,1640429999999
2021-12-25 13:00:00,1640430000000,50645.41000000,50787.27000000,50583.15000000,50781.73000000,164.06827000,1640430899999
2021-12-25 13:15:00,1640430900000,50781.73000000,50816.32000000,50687.01000000,50732.86000000,118.06075000,1640431799999
2021-12-25 13:30:00,1640431800000,50732.86000000,50732.87000000,50629.39000000,50685.97000000,98.79491000,1640432699999
2021-12-25 13:45:00,1640432700000,50685.98000000,50695.75000000,50601.00000000,50682.97000000,157.05319000,1640433599999
2021-12-25 14:00:00,1640433600000,50682.97000000,50763.26000000,50682.96000000,50697.83000000,128.54352000,1640434499999
2021-12-25 14:15:00,1640434500000,50697.82000000,50900.00000000,50696.17000000,50871.31000000,178.99343000,1640435399999
2021-12-25 14:30:00,1640435400000,50873.93000000,50934.78000000,50844.24000000,50875.10000000,180.60193000,1640436299999
2021-12-25 14:45:00,1640436300000,50875.10000000,50875.11000000,50783.28000000,50802.76000000,106.09326000,1640437199999
2021-12-25 15:00:00,1640437200000,50802.76000000,50802.77000000,50700.60000000,50733.04000000,128.30706000,1640438099999
2021-12-25 15:15:00,1640438100000,50733.05000000,50808.55000000,50727.00000000,50748.76000000,188.31153000,1640438999999
2021-12-25 15:30:00,1640439000000,50748.75000000,50876.95000000,50631.55000000,50850.57000000,431.72385000,1640439899999
2021-12-25 15:45:00,1640439900000,50849.62000000,50900.00000000,50782.17000000,50847.48000000,282.01079000,1640440799999
2021-12-25 16:00:00,1640440800000,50847.48000000,50865.55000000,50738.35000000,50747.85000000,135.06394000,1640441699999
2021-12-25 16:15:00,1640441700000,50747.85000000,50789.73000000,50698.61000000,50748.58000000,196.38679000,1640442599999
2021-12-25 16:30:00,1640442600000,50748.58000000,50766.98000000,50650.00000000,50693.99000000,203.99611000,1640443499999
2021-12-25 16:45:00,1640443500000,50694.00000000,50746.95000000,50681.99000000,50744.90000000,153.30471000,1640444399999
2021-12-25 17:00:00,1640444400000,50744.89000000,50809.15000000,50662.77000000,50727.73000000,289.63479000,1640445299999
2021-12-25 17:15:00,1640445300000,50727.73000000,50767.31000000,50650.00000000,50750.47000000,157.53672000,1640446199999
2021-12-25 17:30:00,1640446200000,50750.47000000,50815.54000000,50748.96000000,50762.42000000,188.26911000,1640447099999
2021-12-25 17:45:00,1640447100000,50762.43000000,50770.00000000,50650.00000000,50659.91000000,213.24690000,1640447999999
2021-12-25 18:00:00,1640448000000,50659.91000000,50725.00000000,50601.00000000,50615.72000000,280.26997000,1640448899999
2021-12-25 18:15:00,1640448900000,50615.73000000,50749.00000000,50444.70000000,50727.68000000,518.23227000,1640449799999
2021-12-25 18:30:00,1640449800000,50727.68000000,50765.32000000,50557.58000000,50594.04000000,340.64428000,1640450699999
2021-12-25 18:45:00,1640450700000,50594.03000000,50652.65000000,50560.44000000,50600.02000000,218.88128000,1640451599999
2021-12-25 19:00:00,1640451600000,50600.02000000,50658.76000000,50565.25000000,50619.64000000,275.19760000,1640452499999
2021-12-25 19:15:00,1640452500000,50614.03000000,50643.44000000,50142.32000000,50302.54000000,868.86558000,1640453399999
2021-12-25 19:30:00,1640453400000,50302.54000000,50449.99000000,50242.27000000,50366.09000000,300.54231000,1640454299999
2021-12-25 19:45:00,1640454300000,50366.10000000,50849.00000000,50363.06000000,50781.75000000,591.84764000,1640455199999
2021-12-25 20:00:00,1640455200000,50781.74000000,50890.81000000,50705.64000000,50813.92000000,264.33305000,1640456099999
2021-12-25 20:15:00,1640456100000,50813.93000000,50980.00000000,50811.26000000,50963.91000000,193.92358000,1640456999999
2021-12-25 20:30:00,1640457000000,50963.90000000,51156.23000000,50880.03000000,50914.19000000,453.68760000,1640457899999
2021-12-25 20:45:00,1640457900000,50914.19000000,51074.23000000,50857.39000000,50986.34000000,183.42561000,1640458799999
2021-12-25 21:00:00,1640458800000,50986.35000000,51062.10000000,50850.56000000,50898.86000000,177.26069000,1640459699999
2021-12-25 21:15:00,1640459700000,50898.85000000,50948.95000000,50816.86000000,50867.52000000,123.28771000,1640460599999
2021-12-25 21:30:00,1640460600000,50865.99000000,50936.23000000,50820.38000000,50873.64000000,91.75293000,1640461499999
2021-12-25 21:45:00,1640461500000,50873.64000000,50910.00000000,50830.24000000,50889.15000000,85.50815000,1640462399999
2021-12-25 22:00:00,1640462400000,50889.15000000,50995.75000000,50867.18000000,50912.89000000,150.90995000,1640463299999
2021-12-25 22:15:00,1640463300000,50912.89000000,50940.00000000,50819.95000000,50836.31000000,71.10131000,1640464199999
2021-12-25 22:30:00,1640464200000,50836.30000000,50907.58000000,50732.58000000,50845.07000000,172.04652000,1640465099999
2021-12-25 22:45:00,1640465100000,50845.07000000,50995.00000000,50822.36000000,50852.83000000,155.45653000,1640465999999
2021-12-25 23:00:00,1640466000000,50852.83000000,50980.00000000,50820.93000000,50959.15000000,206.81879000,1640466899999
2021-12-25 23:15:00,1640466900000,50959.15000000,51033.04000000,50928.93000000,50999.13000000,172.35182000,1640467799999
2021-12-25 23:30:00,1640467800000,50999.13000000,51080.00000000,50975.29000000,51070.01000000,148.25819000,1640468699999
2021-12-25 23:45:00,1640468700000,51070.01000000,51070.67000000,50960.00000000,50960.01000000,149.82722000,1640469599999
2021-12-26 00:00:00,1640469600000,50960.01000000,50970.48000000,50851.22000000,50864.69000000,153.63986000,1640470499999
2021-12-26 00:15:00,1640470500000,50864.68000000,50897.25000000,50650.00000000,50690.64000000,226.26746000,1640471399999
2021-12-26 00:30:00,1640471400000,50690.64000000,50728.33000000,50595.83000000,50652.17000000,229.28785000,1640472299999
2021-12-26 00:45:00,1640472300000,50652.16000000,50739.49000000,50554.46000000,50609.58000000,188.76898000,1640473199999
2021-12-26 01:00:00,1640473200000,50609.59000000,50658.41000000,50532.17000000,50619.46000000,260.43278000,1640474099999
2021-12-26 01:15:00,1640474100000,50619.45000000,50634.51000000,50463.00000000,50482.90000000,279.46954000,1640474999999
2021-12-26 01:30:00,1640475000000,50482.91000000,50691.17000000,50480.22000000,50673.09000000,349.42668000,1640475899999
2021-12-26 01:45:00,1640475900000,50673.10000000,50673.87000000,50335.67000000,50399.66000000,412.41189000,1640476799999
2021-12-26 02:00:00,1640476800000,50399.67000000,50467.21000000,50315.00000000,50420.00000000,573.51747000,1640477699999
2021-12-26 02:15:00,1640477700000,50420.00000000,50537.03000000,50375.00000000,50525.98000000,198.20346000,1640478599999
2021-12-26 02:30:00,1640478600000,50525.98000000,50561.34000000,50255.00000000,50290.27000000,291.40299000,1640479499999
2021-12-26 02:45:00,1640479500000,50290.26000000,50427.87000000,50290.26000000,50378.41000000,542.33807000,1640480399999
2021-12-26 03:00:00,1640480400000,50378.41000000,50466.75000000,50314.66000000,50419.99000000,131.90152000,1640481299999
2021-12-26 03:15:00,1640481300000,50419.99000000,50517.43000000,50321.32000000,50414.67000000,283.29863000,1640482199999
2021-12-26 03:30:00,1640482200000,50414.68000000,50634.77000000,50361.51000000,50601.92000000,207.93415000,1640483099999
2021-12-26 03:45:00,1640483100000,50601.91000000,50672.93000000,50439.99000000,50523.25000000,290.35264000,1640483999999
2021-12-26 04:00:00,1640484000000,50523.26000000,50557.87000000,50437.12000000,50475.69000000,283.34656000,1640484899999
2021-12-26 04:15:00,1640484900000,50475.69000000,50494.50000000,50274.47000000,50300.81000000,219.88115000,1640485799999
2021-12-26 04:30:00,1640485800000,50300.80000000,50340.85000000,49800.00000000,50089.78000000,1175.13591000,1640486699999
2021-12-26 04:45:00,1640486700000,50089.77000000,50193.37000000,49987.99000000,50028.50000000,284.23196000,1640487599999
2021-12-26 05:00:00,1640487600000,50028.49000000,50028.50000000,49766.00000000,49874.24000000,543.75963000,1640488499999
2021-12-26 05:15:00,1640488500000,49874.25000000,49950.00000000,49778.38000000,49945.59000000,231.52068000,1640489399999
2021-12-26 05:30:00,1640489400000,49945.59000000,50000.00000000,49647.50000000,49765.80000000,719.50478000,1640490299999
2021-12-26 05:45:00,1640490300000,49765.82000000,49817.05000000,49610.00000000,49675.56000000,390.64788000,1640491199999
2021-12-26 06:00:00,1640491200000,49675.56000000,49883.12000000,49600.95000000,49833.27000000,424.31986000,1640492099999
2021-12-26 06:15:00,1640492100000,49833.27000000,49884.71000000,49675.40000000,49686.99000000,206.64128000,1640492999999
2021-12-26 06:30:00,1640493000000,49686.99000000,49836.02000000,49672.04000000,49801.04000000,121.44428000,1640493899999
2021-12-26 06:45:00,1640493900000,49801.03000000,49880.00000000,49800.01000000,49867.65000000,108.75475000,1640494799999
2021-12-26 07:00:00,1640494800000,49867.65000000,49900.00000000,49800.00000000,49883.15000000,155.44842000,1640495699999
2021-12-26 07:15:00,1640495700000,49883.15000000,49955.20000000,49846.40000000,49923.34000000,135.42394000,1640496599999
2021-12-26 07:30:00,1640496600000,49923.34000000,49977.07000000,49852.98000000,49918.31000000,157.53233000,1640497499999
2021-12-26 07:45:00,1640497500000,49918.32000000,49942.76000000,49805.85000000,49862.63000000,177.63929000,1640498399999
2021-12-26 08:00:00,1640498400000,49862.64000000,49942.71000000,49833.80000000,49910.82000000,99.57544000,1640499299999
2021-12-26 08:15:00,1640499300000,49910.82000000,49911.21000000,49827.80000000,49880.04000000,131.86595000,1640500199999
2021-12-26 08:30:00,1640500200000,49883.50000000,49961.51000000,49804.58000000,49828.49000000,151.27645000,1640501099999
2021-12-26 08:45:00,1640501100000,49828.49000000,49909.99000000,49818.30000000,49904.96000000,92.49519000,1640501999999
2021-12-26 09:00:00,1640502000000,49904.96000000,49912.97000000,49716.17000000,49799.19000000,179.73615000,1640502899999
2021-12-26 09:15:00,1640502900000,49799.20000000,49880.00000000,49791.64000000,49876.46000000,106.56972000,1640503799999
2021-12-26 09:30:00,1640503800000,49876.46000000,49913.44000000,49835.01000000,49884.57000000,114.93632000,1640504699999
2021-12-26 09:45:00,1640504700000,49884.57000000,49974.98000000,49830.01000000,49930.39000000,144.42282000,1640505599999
2021-12-26 10:00:00,1640505600000,49930.39000000,50030.79000000,49878.29000000,50022.03000000,160.49951000,1640506499999
2021-12-26 10:15:00,1640506500000,50024.76000000,50089.93000000,50001.98000000,50042.87000000,279.33312000,1640507399999
2021-12-26 10:30:00,1640507400000,50042.87000000,50044.09000000,49885.00000000,49885.01000000,173.23278000,1640508299999
2021-12-26 10:45:00,1640508300000,49885.00000000,49889.37000000,49826.01000000,49881.98000000,129.51863000,1640509199999
2021-12-26 11:00:00,1640509200000,49881.97000000,49889.09000000,49840.20000000,49866.54000000,116.83802000,1640510099999
2021-12-26 11:15:00,1640510100000,49866.54000000,49967.02000000,49866.54000000,49921.43000000,144.79552000,1640510999999
2021-12-26 11:30:00,1640511000000,49921.43000000,49989.99000000,49893.41000000,49983.36000000,117.40491000,1640511899999
2021-12-26 11:45:00,1640511900000,49983.36000000,50169.17000000,49974.90000000,50012.60000000,393.33316000,1640512799999
2021-12-26 12:00:00,1640512800000,50012.61000000,50084.30000000,49924.02000000,49961.47000000,214.92625000,1640513699999
2021-12-26 12:15:00,1640513700000,49961.47000000,50058.17000000,49945.75000000,50008.79000000,120.80951000,1640514599999
2021-12-26 12:30:00,1640514600000,50008.79000000,50100.00000000,49957.66000000,50085.00000000,188.84876000,1640515499999
2021-12-26 12:45:00,1640515500000,50085.00000000,50104.00000000,49985.00000000,50079.99000000,195.93182000,1640516399999
2021-12-26 13:00:00,1640516400000,50080.00000000,50125.00000000,50030.02000000,50049.10000000,148.28272000,1640517299999
2021-12-26 13:15:00,1640517300000,50049.10000000,50097.69000000,50004.90000000,50052.31000000,117.67746000,1640518199999
2021-12-26 13:30:00,1640518200000,50052.30000000,50061.76000000,49780.01000000,49870.19000000,346.43431000,1640519099999
2021-12-26 13:45:00,1640519100000,49870.18000000,49874.98000000,49412.00000000,49748.89000000,851.41562000,1640519999999
2021-12-26 14:00:00,1640520000000,49748.89000000,49855.00000000,49642.11000000,49812.74000000,221.12553000,1640520899999
2021-12-26 14:15:00,1640520900000,49812.74000000,49817.21000000,49666.67000000,49719.14000000,156.24672000,1640521799999
2021-12-26 14:30:00,1640521800000,49719.14000000,49899.99000000,49683.27000000,49874.10000000,183.01886000,1640522699999
2021-12-26 14:45:00,1640522700000,49874.11000000,49964.28000000,49824.00000000,49870.53000000,195.87734000,1640523599999
2021-12-26 15:00:00,1640523600000,49870.52000000,49940.57000000,49848.76000000,49891.09000000,147.16003000,1640524499999
2021-12-26 15:15:00,1640524500000,49891.11000000,49984.00000000,49791.48000000,49806.27000000,219.82429000,1640525399999
2021-12-26 15:30:00,1640525400000,49806.28000000,49899.97000000,49804.94000000,49810.40000000,139.89960000,1640526299999
2021-12-26 15:45:00,1640526300000,49810.41000000,49862.49000000,49765.20000000,49841.99000000,126.89366000,1640527199999
2021-12-26 16:00:00,1640527200000,49842.00000000,49897.36000000,49826.21000000,49842.01000000,136.89945000,1640528099999
2021-12-26 16:15:00,1640528100000,49842.00000000,49842.01000000,49732.01000000,49759.01000000,188.43262000,1640528999999
2021-12-26 16:30:00,1640529000000,49758.00000000,49848.68000000,49745.74000000,49835.01000000,138.54820000,1640529899999
2021-12-26 16:45:00,1640529900000,49835.00000000,49950.00000000,49750.33000000,49901.56000000,154.79630000,1640530799999
2021-12-26 17:00:00,1640530800000,49901.57000000,49950.00000000,49900.74000000,49929.26000000,103.16024000,1640531699999
2021-12-26 17:15:00,1640531700000,49929.25000000,50281.08000000,49927.73000000,50144.66000000,579.77794000,1640532599999
2021-12-26 17:30:00,1640532600000,50144.67000000,50183.67000000,50100.25000000,50116.89000000,128.12871000,1640533499999
2021-12-26 17:45:00,1640533500000,50116.88000000,50125.88000000,49976.32000000,50049.34000000,138.69063000,1640534399999
2021-12-26 18:00:00,1640534400000,50049.34000000,50185.00000000,50022.30000000,50034.57000000,165.74955000,1640535299999
2021-12-26 18:15:00,1640535300000,50034.57000000,50187.27000000,50018.38000000,50181.25000000,120.13423000,1640536199999
2021-12-26 18:30:00,1640536200000,50181.24000000,50350.00000000,50151.00000000,50307.57000000,324.94056000,1640537099999
2021-12-26 18:45:00,1640537100000,50307.57000000,50400.00000000,50234.96000000,50240.53000000,243.75880000,1640537999999
2021-12-26 19:00:00,1640538000000,50240.53000000,50300.00000000,50208.00000000,50246.07000000,171.92091000,1640538899999
2021-12-26 19:15:00,1640538900000,50246.07000000,50331.50000000,50229.90000000,50270.49000000,144.69458000,1640539799999
2021-12-26 19:30:00,1640539800000,50270.50000000,50386.00000000,50263.00000000,50352.73000000,166.51037000,1640540699999
2021-12-26 19:45:00,1640540700000,50352.72000000,50360.00000000,50166.08000000,50255.17000000,247.92111000,1640541599999
2021-12-26 20:00:00,1640541600000,50255.17000000,50268.54000000,50150.22000000,50180.17000000,205.64438000,1640542499999
2021-12-26 20:15:00,1640542500000,50180.17000000,50250.00000000,50180.16000000,50234.24000000,81.01623000,1640543399999
2021-12-26 20:30:00,1640543400000,50234.23000000,50250.00000000,50189.68000000,50224.72000000,95.40127000,1640544299999
2021-12-26 20:45:00,1640544300000,50224.76000000,50399.00000000,50139.07000000,50351.10000000,268.69691000,1640545199999
2021-12-26 21:00:00,1640545200000,50351.10000000,50465.54000000,50288.87000000,50300.01000000,300.66476000,1640546099999
2021-12-26 21:15:00,1640546100000,50300.01000000,50339.13000000,50212.83000000,50266.33000000,141.82746000,1640546999999
2021-12-26 21:30:00,1640547000000,50266.33000000,50396.40000000,50249.10000000,50343.01000000,122.06661000,1640547899999
2021-12-26 21:45:00,1640547900000,50343.01000000,50369.18000000,50291.80000000,50342.51000000,79.33435000,1640548799999
2021-12-26 22:00:00,1640548800000,50342.51000000,50378.55000000,50303.71000000,50304.37000000,100.50188000,1640549699999
2021-12-26 22:15:00,1640549700000,50304.38000000,50382.61000000,50288.00000000,50330.01000000,90.20240000,1640550599999
2021-12-26 22:30:00,1640550600000,50330.01000000,50339.70000000,50277.70000000,50329.99000000,79.61065000,1640551499999
2021-12-26 22:45:00,1640551500000,50330.00000000,50368.64000000,50265.97000000,50269.44000000,117.64667000,1640552399999
2021-12-26 23:00:00,1640552400000,50269.44000000,50274.80000000,49914.73000000,50060.01000000,330.56484000,1640553299999
2021-12-26 23:15:00,1640553300000,50060.02000000,50450.00000000,49999.28000000,50381.78000000,243.83962000,1640554199999
2021-12-26 23:30:00,1640554200000,50381.79000000,50884.28000000,50381.78000000,50816.27000000,644.69542000,1640555099999
2021-12-26 23:45:00,1640555100000,50816.28000000,51040.00000000,50732.78000000,50774.16000000,671.28620000,1640555999999
2021-12-27 00:00:00,1640556000000,50776.16000000,50918.26000000,50774.16000000,50844.97000000,201.94487000,1640556899999
2021-12-27 00:15:00,1640556900000,50844.97000000,50895.96000000,50772.00000000,50848.36000000,156.96396000,1640557799999
2021-12-27 00:30:00,1640557800000,50848.36000000,51280.00000000,50842.51000000,51113.13000000,651.84243000,1640558699999
2021-12-27 00:45:00,1640558700000,51113.14000000,51121.37000000,50920.83000000,50973.64000000,211.21939000,1640559599999
2021-12-27 01:00:00,1640559600000,50973.65000000,51062.04000000,50772.84000000,50852.36000000,274.31156000,1640560499999
2021-12-27 01:15:00,1640560500000,50852.35000000,50856.03000000,50638.16000000,50722.99000000,187.19153000,1640561399999
2021-12-27 01:30:00,1640561400000,50722.99000000,50830.00000000,50674.95000000,50762.98000000,102.56502000,1640562299999
2021-12-27 01:45:00,1640562300000,50762.98000000,50820.00000000,50736.00000000,50775.49000000,92.39873000,1640563199999
2021-12-27 02:00:00,1640563200000,50775.48000000,50974.97000000,50772.61000000,50907.04000000,240.29855000,1640564099999
2021-12-27 02:15:00,1640564100000,50907.05000000,50938.86000000,50818.54000000,50868.82000000,218.61509000,1640564999999
2021-12-27 02:30:00,1640565000000,50868.82000000,50914.00000000,50584.32000000,50632.72000000,311.21506000,1640565899999
2021-12-27 02:45:00,1640565900000,50632.72000000,50729.10000000,50567.60000000,50622.87000000,248.56472000,1640566799999
2021-12-27 03:00:00,1640566800000,50622.86000000,50626.27000000,50449.00000000,50499.99000000,305.57986000,1640567699999
2021-12-27 03:15:00,1640567700000,50499.99000000,50647.67000000,50451.84000000,50643.00000000,149.57706000,1640568599999
2021-12-27 03:30:00,1640568600000,50643.01000000,50681.53000000,50559.37000000,50678.83000000,163.59127000,1640569499999
2021-12-27 03:45:00,1640569500000,50678.83000000,50816.31000000,50678.01000000,50787.94000000,200.55732000,1640570399999
2021-12-27 04:00:00,1640570400000,50787.93000000,50796.06000000,50669.04000000,50766.79000000,213.72649000,1640571299999
2021-12-27 04:15:00,1640571300000,50766.80000000,50789.40000000,50702.35000000,50774.34000000,135.11017000,1640572199999
2021-12-27 04:30:00,1640572200000,50774.35000000,50881.68000000,50760.99000000,50864.26000000,184.96709000,1640573099999
2021-12-27 04:45:00,1640573100000,50864.26000000,50940.01000000,50813.32000000,50816.24000000,270.63865000,1640573999999
2021-12-27 05:00:00,1640574000000,50816.19000000,50966.00000000,50791.07000000,50943.50000000,231.06660000,1640574899999
2021-12-27 05:15:00,1640574900000,50943.51000000,51150.00000000,50940.38000000,51048.43000000,355.83777000,1640575799999
2021-12-27 05:30:00,1640575800000,51048.43000000,51122.82000000,50994.51000000,51108.65000000,259.82817000,1640576699999
2021-12-27 05:45:00,1640576700000,51108.65000000,51139.57000000,50997.02000000,51009.02000000,262.90508000,1640577599999
2021-12-27 06:00:00,1640577600000,51009.02000000,51093.86000000,50873.87000000,51028.51000000,296.93015000,1640578499999
2021-12-27 06:15:00,1640578500000,51028.51000000,51036.07000000,50872.20000000,50916.80000000,326.58509000,1640579399999
2021-12-27 06:30:00,1640579400000,50916.80000000,51000.85000000,50870.96000000,50968.14000000,187.29574000,1640580299999
2021-12-27 06:45:00,1640580300000,50968.14000000,51042.58000000,50908.49000000,51001.51000000,269.04393000,1640581199999
2021-12-27 07:00:00,1640581200000,51001.52000000,51020.00000000,50870.00000000,50927.33000000,196.48570000,1640582099999
2021-12-27 07:15:00,1640582100000,50927.32000000,50958.00000000,50832.72000000,50915.79000000,192.23187000,1640582999999
2021-12-27 07:30:00,1640583000000,50915.79000000,50950.00000000,50872.47000000,50949.99000000,147.18316000,1640583899999
2021-12-27 07:45:00,1640583900000,50949.99000000,50968.37000000,50850.00000000,50853.02000000,211.17049000,1640584799999
2021-12-27 08:00:00,1640584800000,50853.03000000,50891.99000000,50733.38000000,50737.40000000,240.30269000,1640585699999
2021-12-27 08:15:00,1640585700000,50742.00000000,50877.70000000,50730.53000000,50849.00000000,181.74235000,1640586599999
2021-12-27 08:30:00,1640586600000,50848.98000000,50933.23000000,50848.98000000,50917.46000000,159.31289000,1640587499999
2021-12-27 08:45:00,1640587500000,50917.47000000,50974.82000000,50862.86000000,50935.93000000,227.49550000,1640588399999
2021-12-27 09:00:00,1640588400000,50935.94000000,50985.39000000,50890.68000000,50912.83000000,169.68774000,1640589299999
2021-12-27 09:15:00,1640589300000,50912.82000000,50985.07000000,50824.86000000,50860.04000000,272.04501000,1640590199999
2021-12-27 09:30:00,1640590200000,50860.04000000,50860.05000000,50755.20000000,50792.86000000,208.80252000,1640591099999
2021-12-27 09:45:00,1640591100000,50792.86000000,50792.86000000,50631.00000000,50694.83000000,303.46240000,1640591999999
2021-12-27 10:00:00,1640592000000,50694.83000000,50846.63000000,50652.24000000,50829.04000000,238.21866000,1640592899999
2021-12-27 10:15:00,1640592900000,50826.27000000,50838.33000000,50763.62000000,50778.08000000,162.44357000,1640593799999
2021-12-27 10:30:00,1640593800000,50778.09000000,50788.76000000,50725.15000000,50761.42000000,149.20684000,1640594699999
2021-12-27 10:45:00,1640594700000,50761.42000000,50761.62000000,50555.00000000,50555.01000000,323.58908000,1640595599999
2021-12-27 11:00:00,1640595600000,50555.00000000,50639.10000000,50499.77000000,50630.12000000,379.63387000,1640596499999
2021-12-27 11:15:00,1640596500000,50630.13000000,50680.00000000,50611.01000000,50664.26000000,176.32522000,1640597399999
2021-12-27 11:30:00,1640597400000,50664.26000000,50676.03000000,50560.00000000,50655.38000000,332.68606000,1640598299999
2021-12-27 11:45:00,1640598300000,50655.39000000,50772.47000000,50647.25000000,50755.87000000,189.00933000,1640599199999
2021-12-27 12:00:00,1640599200000,50755.87000000,50843.35000000,50724.25000000,50753.17000000,259.31214000,1640600099999
2021-12-27 12:15:00,1640600100000,50753.16000000,50799.99000000,50715.77000000,50781.55000000,137.47889000,1640600999999
2021-12-27 12:30:00,1640601000000,50781.55000000,50789.99000000,50675.32000000,50752.50000000,166.42519000,1640601899999
2021-12-27 12:45:00,1640601900000,50752.50000000,50900.00000000,50717.97000000,50791.11000000,291.51892000,1640602799999
2021-12-27 13:00:00,1640602800000,50791.10000000,50875.41000000,50773.02000000,50790.53000000,326.53700000,1640603699999
2021-12-27 13:15:00,1640603700000,50790.52000000,50820.73000000,50688.00000000,50688.00000000,187.50101000,1640604599999
2021-12-27 13:30:00,1640604600000,50688.00000000,50774.12000000,50666.01000000,50753.74000000,158.56583000,1640605499999
2021-12-27 13:45:00,1640605500000,50753.73000000,50772.25000000,50692.02000000,50759.45000000,244.60310000,1640606399999
2021-12-27 14:00:00,1640606400000,50759.46000000,50785.83000000,50719.01000000,50758.36000000,183.83124000,1640607299999
2021-12-27 14:15:00,1640607300000,50758.35000000,50860.00000000,50567.07000000,50856.96000000,420.80133000,1640608199999
2021-12-27 14:30:00,1640608200000,50856.96000000,51157.00000000,50848.83000000,51148.44000000,755.32123000,1640609099999
2021-12-27 14:45:00,1640609100000,51148.45000000,51200.00000000,51038.15000000,51118.83000000,438.29582000,1640609999999
2021-12-27 15:00:00,1640610000000,51118.84000000,51235.13000000,50979.83000000,51021.53000000,451.41218000,1640610899999
2021-12-27 15:15:00,1640610900000,51021.53000000,51400.00000000,51021.53000000,51355.03000000,602.75051000,1640611799999
2021-12-27 15:30:00,1640611800000,51355.03000000,51400.00000000,51223.53000000,51229.30000000,375.16825000,1640612699999
2021-12-27 15:45:00,1640612700000,51229.30000000,51346.99000000,51169.07000000,51300.00000000,260.17356000,1640613599999
2021-12-27 16:00:00,1640613600000,51299.99000000,51394.46000000,51237.67000000,51336.80000000,314.00455000,1640614499999
2021-12-27 16:15:00,1640614500000,51333.55000000,51596.61000000,51222.00000000,51222.00000000,612.67078000,1640615399999
2021-12-27 16:30:00,1640615400000,51222.00000000,51653.70000000,51210.00000000,51569.02000000,581.06877000,1640616299999
2021-12-27 16:45:00,1640616300000,51569.02000000,51677.00000000,51478.18000000,51502.54000000,462.96826000,1640617199999
2021-12-27 17:00:00,1640617200000,51502.55000000,51655.05000000,51490.08000000,51553.81000000,352.14288000,1640618099999
2021-12-27 17:15:00,1640618100000,51553.81000000,51577.26000000,51450.35000000,51489.29000000,316.57240000,1640618999999
2021-12-27 17:30:00,1640619000000,51489.29000000,51500.00000000,51366.00000000,51426.98000000,276.51060000,1640619899999
2021-12-27 17:45:00,1640619900000,51425.41000000,51475.53000000,51383.56000000,51450.57000000,191.88230000,1640620799999
2021-12-27 18:00:00,1640620800000,51450.58000000,51519.97000000,51329.00000000,51372.89000000,453.40387000,1640621699999
2021-12-27 18:15:00,1640621700000,51372.90000000,51382.99000000,51210.00000000,51335.88000000,396.45057000,1640622599999
2021-12-27 18:30:00,1640622600000,51338.46000000,51450.23000000,51324.81000000,51434.58000000,213.47722000,1640623499999
2021-12-27 18:45:00,1640623500000,51434.58000000,51485.93000000,51434.58000000,51468.00000000,170.37310000,1640624399999
2021-12-27 19:00:00,1640624400000,51468.00000000,51587.87000000,51441.67000000,51583.32000000,263.82379000,1640625299999
2021-12-27 19:15:00,1640625300000,51583.32000000,51888.88000000,51547.02000000,51778.11000000,725.53203000,1640626199999
2021-12-27 19:30:00,1640626200000,51775.45000000,51987.93000000,51758.85000000,51906.11000000,649.12532000,1640627099999
2021-12-27 19:45:00,1640627100000,51906.11000000,52088.00000000,51779.54000000,51853.10000000,667.58069000,1640627999999
2021-12-27 20:00:00,1640628000000,51853.10000000,51932.00000000,51750.00000000,51759.92000000,354.48437000,1640628899999
2021-12-27 20:15:00,1640628900000,51759.92000000,51788.10000000,51659.51000000,51678.91000000,310.20896000,1640629799999
2021-12-27 20:30:00,1640629800000,51678.91000000,51795.00000000,51655.00000000,51689.77000000,271.08969000,1640630699999
2021-12-27 20:45:00,1640630700000,51689.78000000,51712.91000000,51626.55000000,51690.69000000,360.39508000,1640631599999
2021-12-27 21:00:00,1640631600000,51690.68000000,51713.64000000,51582.69000000,51624.33000000,219.54354000,1640632499999
2021-12-27 21:15:00,1640632500000,51624.33000000,51624.41000000,51418.52000000,51500.00000000,284.01406000,1640633399999
2021-12-27 21:30:00,1640633400000,51500.00000000,51559.82000000,51386.86000000,51471.02000000,264.97995000,1640634299999
2021-12-27 21:45:00,1640634300000,51471.02000000,51555.01000000,51200.00000000,51204.64000000,529.37925000,1640635199999
2021-12-27 22:00:00,1640635200000,51204.65000000,51365.76000000,51156.00000000,51327.26000000,348.40477000,1640636099999
2021-12-27 22:15:00,1640636100000,51327.26000000,51327.26000000,51110.80000000,51160.03000000,269.86389000,1640636999999
2021-12-27 22:30:00,1640637000000,51160.03000000,51205.40000000,50906.32000000,50998.17000000,478.05694000,1640637899999
2021-12-27 22:45:00,1640637900000,50998.17000000,51287.29000000,50992.44000000,51225.88000000,336.05995000,1640638799999
2021-12-27 23:00:00,1640638800000,51225.88000000,51297.98000000,51217.08000000,51241.30000000,285.49230000,1640639699999
2021-12-27 23:15:00,1640639700000,51241.30000000,51292.76000000,51145.27000000,51292.00000000,252.75528000,1640640599999
2021-12-27 23:30:00,1640640600000,51292.00000000,51298.68000000,51164.78000000,51174.39000000,217.84733000,1640641499999
2021-12-27 23:45:00,1640641500000,51174.40000000,51174.40000000,50940.00000000,50975.61000000,327.32382000,1640642399999
2021-12-28 00:00:00,1640642400000,50975.60000000,51183.41000000,50929.23000000,51175.13000000,241.86315000,1640643299999
2021-12-28 00:15:00,1640643300000,51175.13000000,51230.43000000,51066.02000000,51103.96000000,221.54437000,1640644199999
2021-12-28 00:30:00,1640644200000,51103.95000000,51157.06000000,50822.80000000,50861.18000000,274.24928000,1640645099999
2021-12-28 00:45:00,1640645100000,50861.18000000,51031.03000000,50702.01000000,51020.06000000,496.82398000,1640645999999
2021-12-28 01:00:00,1640646000000,51020.05000000,51057.68000000,50852.30000000,50953.44000000,210.70992000,1640646899999
2021-12-28 01:15:00,1640646900000,50953.43000000,51006.87000000,50750.00000000,50888.00000000,259.49635000,1640647799999
2021-12-28 01:30:00,1640647800000,50888.00000000,50888.00000000,50650.00000000,50812.33000000,388.41676000,1640648699999
2021-12-28 01:45:00,1640648700000,50812.34000000,50869.26000000,50622.00000000,50701.44000000,376.32699000,1640649599999
2021-12-28 02:00:00,1640649600000,50701.44000000,50704.05000000,50320.00000000,50569.66000000,883.58262000,1640650499999
2021-12-28 02:15:00,1640650500000,50569.67000000,50569.67000000,50128.44000000,50311.94000000,835.47413000,1640651399999
2021-12-28 02:30:00,1640651400000,50311.94000000,50313.99000000,50029.62000000,50213.40000000,618.35843000,1640652299999
2021-12-28 02:45:00,1640652300000,50209.94000000,50663.27000000,50209.94000000,50350.23000000,577.00060000,1640653199999
2021-12-28 03:00:00,1640653200000,50350.22000000,50350.23000000,50077.57000000,50144.65000000,461.93229000,1640654099999
2021-12-28 03:15:00,1640654100000,50144.66000000,50233.72000000,49994.00000000,50149.40000000,573.69687000,1640654999999
2021-12-28 03:30:00,1640655000000,50149.41000000,50149.41000000,49729.62000000,49790.96000000,1092.23194000,1640655899999
2021-12-28 03:45:00,1640655900000,49790.97000000,49888.07000000,49580.34000000,49818.63000000,703.13817000,1640656799999
2021-12-28 04:00:00,1640656800000,49818.62000000,49966.06000000,49687.15000000,49758.86000000,452.64916000,1640657699999
2021-12-28 04:15:00,1640657700000,49758.86000000,49816.84000000,49581.00000000,49810.32000000,419.47015000,1640658599999
2021-12-28 04:30:00,1640658600000,49810.32000000,49855.64000000,49650.00000000,49803.40000000,424.47484000,1640659499999
2021-12-28 04:45:00,1640659500000,49803.39000000,49819.95000000,49623.30000000,49775.31000000,462.64768000,1640660399999
2021-12-28 05:00:00,1640660400000,49775.31000000,49775.32000000,49500.00000000,49525.45000000,574.63542000,1640661299999
2021-12-28 05:15:00,1640661300000,49525.46000000,49708.67000000,49500.00000000,49658.72000000,369.77680000,1640662199999
2021-12-28 05:30:00,1640662200000,49658.72000000,49684.73000000,49512.98000000,49641.05000000,450.46697000,1640663099999
2021-12-28 05:45:00,1640663100000,49641.05000000,49889.58000000,49555.00000000,49828.06000000,468.18393000,1640663999999
2021-12-28 06:00:00,1640664000000,49828.07000000,49828.07000000,49604.60000000,49613.28000000,420.45304000,1640664899999
2021-12-28 06:15:00,1640664900000,49613.29000000,49625.74000000,48657.12000000,48938.37000000,2958.23307000,1640665799999
2021-12-28 06:30:00,1640665800000,48938.36000000,49100.00000000,48780.00000000,49099.99000000,732.05827000,1640666699999
2021-12-28 06:45:00,1640666700000,49099.99000000,49174.75000000,48979.18000000,49054.47000000,531.26439000,1640667599999
2021-12-28 07:00:00,1640667600000,49050.58000000,49159.12000000,48980.47000000,49154.96000000,336.27464000,1640668499999
2021-12-28 07:15:00,1640668500000,49154.97000000,49171.66000000,48950.00000000,48986.12000000,398.49994000,1640669399999
2021-12-28 07:30:00,1640669400000,48986.13000000,49178.61000000,48968.98000000,49178.61000000,323.24895000,1640670299999
2021-12-28 07:45:00,1640670300000,49178.61000000,49243.73000000,49150.00000000,49200.90000000,349.11331000,1640671199999
2021-12-28 08:00:00,1640671200000,49200.90000000,49244.43000000,49105.64000000,49187.58000000,233.20620000,1640672099999
2021-12-28 08:15:00,1640672100000,49187.57000000,49310.06000000,49187.57000000,49303.11000000,252.88369000,1640672999999
2021-12-28 08:30:00,1640673000000,49303.11000000,49343.98000000,49227.03000000,49252.01000000,303.30090000,1640673899999
2021-12-28 08:45:00,1640673900000,49252.02000000,49289.99000000,49096.67000000,49218.49000000,314.62624000,1640674799999
2021-12-28 09:00:00,1640674800000,49218.49000000,49366.00000000,49153.10000000,49274.43000000,312.98185000,1640675699999
2021-12-28 09:15:00,1640675700000,49274.43000000,49316.81000000,49101.00000000,49192.42000000,225.52758000,1640676599999
2021-12-28 09:30:00,1640676600000,49192.41000000,49193.63000000,49037.23000000,49154.01000000,239.67388000,1640677499999
2021-12-28 09:45:00,1640677500000,49154.01000000,49253.47000000,49128.98000000,49227.13000000,231.30820000,1640678399999
2021-12-28 10:00:00,1640678400000,49227.14000000,49440.05000000,49113.70000000,49432.21000000,453.62127000,1640679299999
2021-12-28 10:15:00,1640679300000,49432.22000000,49434.20000000,49311.81000000,49399.99000000,239.03636000,1640680199999
2021-12-28 10:30:00,1640680200000,49400.00000000,49416.46000000,49320.02000000,49371.85000000,220.26927000,1640681099999
2021-12-28 10:45:00,1640681100000,49371.84000000,49426.93000000,49233.62000000,49377.69000000,437.89546000,1640681999999
2021-12-28 11:00:00,1640682000000,49377.69000000,49444.46000000,49322.60000000,49326.76000000,329.43025000,1640682899999
2021-12-28 11:15:00,1640682900000,49326.77000000,49365.46000000,49220.00000000,49308.91000000,264.75766000,1640683799999
2021-12-28 11:30:00,1640683800000,49308.91000000,49366.65000000,49130.91000000,49189.01000000,300.97260000,1640684699999
2021-12-28 11:45:00,1640684700000,49189.01000000,49273.07000000,49000.00000000,49027.44000000,631.23060000,1640685599999
2021-12-28 12:00:00,1640685600000,49027.44000000,49172.49000000,48758.05000000,48865.12000000,2349.03624000,1640686499999
2021-12-28 12:15:00,1640686500000,48865.12000000,49085.17000000,48755.32000000,49058.84000000,621.84379000,1640687399999
2021-12-28 12:30:00,1640687400000,49058.83000000,49076.95000000,48950.37000000,49007.14000000,320.22177000,1640688299999
2021-12-28 12:45:00,1640688300000,49007.15000000,49044.39000000,48930.64000000,49034.57000000,204.47687000,1640689199999
2021-12-28 13:00:00,1640689200000,49034.56000000,49072.91000000,48897.22000000,49008.75000000,374.25101000,1640690099999
2021-12-28 13:15:00,1640690100000,49008.74000000,49200.00000000,48994.44000000,49112.40000000,326.34138000,1640690999999
2021-12-28 13:30:00,1640691000000,49112.40000000,49199.16000000,49105.08000000,49131.76000000,246.50915000,1640691899999
2021-12-28 13:45:00,1640691900000,49131.76000000,49240.08000000,49131.76000000,49206.97000000,233.16730000,1640692799999
